sample_id,collection_event_id,source_id,ecozone,province,district,ward,locality_description,land_tenure,gps_latitude,gps_longitude,gps_precision_m,location_masked,altitude_m,sample_type,collection_depth_cm,local_name,local_name_language,scientific_name,taxon_confidence,voucher_specimen_ref,collection_date,season,soil_ph,temperature_celsius,rainfall_prior_30d_mm,canopy_cover_pct,collector_id,preservation_method,minutes_to_preservation,processing_lab,chain_of_custody_ref,heritage_use_ref,consent_reference,nba_permit_ref,access_permit_ref,sequencing_status,lc_ms_status,data_sensitivity,created_at,record_status
ZW-SMP-2026-001,CE-2026-001,ZW-SRC-001,Eastern Highlands,Manicaland,Nyanga,W04,,communal,-19.8,32.86,5000,1,1205,bark,,Tsangamidzi,sn,Siphonochilus aethiopicus,herbarium_confirmed,HERB-ZW-2026-0001,2026-09-02,dry,6.2,24.5,15.0,50,COL-003,silica_gel,25,MOBILE-LEC-01,COC-2026-0001,ZW-TK-2026-001,FPIC-ZW-2026-C001,NBA-ZW-2026-014,,complete,complete,public,2026-09-02T14:00:00+02:00,active
ZW-SMP-2026-002,CE-2026-002,ZW-SRC-001,Eastern Highlands,Manicaland,Chimanimani,W12,,communal,-19.79,32.87,5000,1,1210,plant_tissue,,Isiphepheto,nd,Siphonochilus aethiopicus,herbarium_confirmed,HERB-ZW-2026-0002,2026-09-03,wet,6.2,24.5,15.0,50,COL-003,silica_gel,25,MOBILE-LEC-01,COC-2026-0002,ZW-TK-2026-002,FPIC-ZW-2026-C002,NBA-ZW-2026-014,,complete,complete,public,2026-09-03T14:00:00+02:00,active
ZW-SMP-2026-003,CE-2026-003,ZW-SRC-001,Eastern Highlands,Manicaland,Nyanga,W04,,communal,-19.79,32.87,5000,1,1215,soil,10,,,,,,2026-09-04,dry,6.2,24.5,15.0,50,COL-003,flash_frozen,25,MOBILE-LEC-01,COC-2026-0003,ZW-TK-2026-003,FPIC-ZW-2026-C003,NBA-ZW-2026-014,,complete,complete,public,2026-09-04T14:00:00+02:00,active
ZW-SMP-2026-004,CE-2026-004,ZW-SRC-001,Eastern Highlands,Manicaland,Chimanimani,W12,,communal,-19.78,32.87,5000,1,1220,bark,,Muranga,sn,Warburgia salutaris,herbarium_confirmed,HERB-ZW-2026-0004,2026-09-05,wet,6.2,24.5,15.0,50,COL-003,silica_gel,25,MOBILE-LEC-01,COC-2026-0004,ZW-TK-2026-004,FPIC-ZW-2026-C004,NBA-ZW-2026-014,,complete,complete,public,2026-09-05T14:00:00+02:00,active
ZW-SMP-2026-005,CE-2026-005,ZW-SRC-001,Eastern Highlands,Manicaland,Nyanga,W04,,communal,-19.78,32.88,5000,1,1225,plant_tissue,,Isibhaha,nd,Warburgia salutaris,herbarium_confirmed,HERB-ZW-2026-0005,2026-09-06,dry,6.2,24.5,15.0,50,COL-003,silica_gel,25,MOBILE-LEC-01,COC-2026-0005,ZW-TK-2026-005,FPIC-ZW-2026-C005,NBA-ZW-2026-014,,complete,complete,public,2026-09-06T14:00:00+02:00,active
ZW-SMP-2026-006,CE-2026-006,ZW-SRC-001,Eastern Highlands,Manicaland,Chimanimani,W12,,communal,-19.77,32.88,5000,1,1230,soil,10,,,,,,2026-09-07,wet,6.2,24.5,15.0,50,COL-003,flash_frozen,25,MOBILE-LEC-01,COC-2026-0006,ZW-TK-2026-006,FPIC-ZW-2026-C006,NBA-ZW-2026-014,,complete,complete,public,2026-09-07T14:00:00+02:00,redacted
ZW-SMP-2026-007,CE-2026-007,ZW-SRC-001,Eastern Highlands,Manicaland,Nyanga,W04,,communal,-19.77,32.88,5000,1,1235,bark,,Yacinthi Yemumvura,sn,Eichhornia crassipes,herbarium_confirmed,HERB-ZW-2026-0007,2026-09-08,dry,6.2,24.5,15.0,50,COL-003,silica_gel,25,MOBILE-LEC-01,COC-2026-0007,ZW-TK-2026-007,FPIC-ZW-2026-C007,NBA-ZW-2026-014,,complete,complete,public,2026-09-08T14:00:00+02:00,active
ZW-SMP-2026-008,CE-2026-008,ZW-SRC-001,Eastern Highlands,Manicaland,Chimanimani,W12,,communal,-19.76,32.88,5000,1,1240,plant_tissue,,Inkazana Yemanzini,nd,Eichhornia crassipes,herbarium_confirmed,HERB-ZW-2026-0008,2026-09-09,wet,6.2,24.5,15.0,50,COL-003,silica_gel,25,MOBILE-LEC-01,COC-2026-0008,ZW-TK-2026-008,FPIC-ZW-2026-C008,NBA-ZW-2026-014,,complete,complete,public,2026-09-09T14:00:00+02:00,active
ZW-SMP-2026-009,CE-2026-009,ZW-SRC-001,Eastern Highlands,Manicaland,Nyanga,W04,,communal,-19.75,32.89,5000,1,1245,soil,10,,,,,,2026-09-10,dry,6.2,24.5,15.0,50,COL-003,flash_frozen,25,MOBILE-LEC-01,COC-2026-0009,ZW-TK-2026-009,FPIC-ZW-2026-C009,NBA-ZW-2026-014,,complete,complete,public,2026-09-10T14:00:00+02:00,active
ZW-SMP-2026-010,CE-2026-010,ZW-SRC-001,Eastern Highlands,Manicaland,Chimanimani,W12,,communal,-19.75,32.89,5000,1,1250,bark,,Umnyii,nd,Berchemia discolor,herbarium_confirmed,HERB-ZW-2026-0010,2026-09-11,wet,6.2,24.5,15.0,50,COL-003,silica_gel,25,MOBILE-LEC-01,COC-2026-0010,ZW-TK-2026-010,FPIC-ZW-2026-C010,NBA-ZW-2026-014,,complete,complete,public,2026-09-11T14:00:00+02:00,active
ZW-SMP-2026-011,CE-2026-011,ZW-SRC-001,Eastern Highlands,Manicaland,Nyanga,W04,,communal,-19.75,32.89,5000,1,1255,plant_tissue,,Umsehla,nd,Peltophorum africanum,herbarium_confirmed,HERB-ZW-2026-0011,2026-09-12,dry,6.2,24.5,15.0,50,COL-003,silica_gel,25,MOBILE-LEC-01,COC-2026-0011,ZW-TK-2026-011,FPIC-ZW-2026-C011,NBA-ZW-2026-014,,complete,complete,public,2026-09-12T14:00:00+02:00,active
ZW-SMP-2026-012,CE-2026-012,ZW-SRC-001,Eastern Highlands,Manicaland,Chimanimani,W12,,communal,-19.74,32.9,5000,1,1260,soil,10,,,,,,2026-09-13,wet,6.2,24.5,15.0,50,COL-003,flash_frozen,25,MOBILE-LEC-01,COC-2026-0012,ZW-TK-2026-012,FPIC-ZW-2026-C012,NBA-ZW-2026-014,,complete,complete,public,2026-09-13T14:00:00+02:00,active
ZW-SMP-2026-013,CE-2026-013,ZW-SRC-001,Eastern Highlands,Manicaland,Nyanga,W04,,communal,-19.73,32.9,5000,1,1265,bark,,Mupangara,sn,Dichrostachys cinerea,herbarium_confirmed,HERB-ZW-2026-0013,2026-09-14,dry,6.2,24.5,15.0,50,COL-003,silica_gel,25,MOBILE-LEC-01,COC-2026-0013,ZW-TK-2026-013,FPIC-ZW-2026-C013,NBA-ZW-2026-014,,complete,complete,public,2026-09-14T14:00:00+02:00,active
ZW-SMP-2026-014,CE-2026-014,ZW-SRC-001,Eastern Highlands,Manicaland,Chimanimani,W12,,communal,-19.73,32.9,5000,1,1270,plant_tissue,,Umtshwili,nd,Tarchonanthus camphoratus,herbarium_confirmed,HERB-ZW-2026-0014,2026-09-15,wet,6.2,24.5,15.0,50,COL-003,silica_gel,25,MOBILE-LEC-01,COC-2026-0014,ZW-TK-2026-014,FPIC-ZW-2026-C014,NBA-ZW-2026-014,,complete,complete,public,2026-09-15T14:00:00+02:00,active
ZW-SMP-2026-015,CE-2026-015,ZW-SRC-001,Eastern Highlands,Manicaland,Nyanga,W04,,communal,-19.73,32.91,5000,1,1275,soil,10,,,,,,2026-09-16,dry,6.2,24.5,15.0,50,COL-003,flash_frozen,25,MOBILE-LEC-01,COC-2026-0015,ZW-TK-2026-015,FPIC-ZW-2026-C015,NBA-ZW-2026-014,,complete,complete,public,2026-09-16T14:00:00+02:00,active
ZW-SMP-2026-016,CE-2026-016,ZW-SRC-001,Eastern Highlands,Manicaland,Chimanimani,W12,,communal,-19.72,32.91,5000,1,1280,bark,,Muunga,sn,Vachellia karroo,herbarium_confirmed,HERB-ZW-2026-0016,2026-09-17,wet,6.2,24.5,15.0,50,COL-003,silica_gel,25,MOBILE-LEC-01,COC-2026-0016,ZW-TK-2026-016,FPIC-ZW-2026-C016,NBA-ZW-2026-014,,complete,complete,public,2026-09-17T14:00:00+02:00,active
ZW-SMP-2026-017,CE-2026-017,ZW-SRC-001,Eastern Highlands,Manicaland,Nyanga,W04,,communal,-19.71,32.91,5000,1,1285,plant_tissue,,Mupfuti,sn,Brachystegia boehmii,herbarium_confirmed,HERB-ZW-2026-0017,2026-09-18,dry,6.2,24.5,15.0,50,COL-003,silica_gel,25,MOBILE-LEC-01,COC-2026-0017,ZW-TK-2026-017,FPIC-ZW-2026-C017,NBA-ZW-2026-014,,complete,complete,public,2026-09-18T14:00:00+02:00,active
ZW-SMP-2026-018,CE-2026-018,ZW-SRC-001,Eastern Highlands,Manicaland,Chimanimani,W12,,communal,-19.71,32.91,5000,1,1290,soil,10,,,,,,2026-09-19,wet,6.2,24.5,15.0,50,COL-003,flash_frozen,25,MOBILE-LEC-01,COC-2026-0018,ZW-TK-2026-018,FPIC-ZW-2026-C018,NBA-ZW-2026-014,,complete,complete,public,2026-09-19T14:00:00+02:00,active
ZW-SMP-2026-019,CE-2026-019,ZW-SRC-001,Eastern Highlands,Manicaland,Nyanga,W04,,communal,-19.71,32.92,5000,1,1295,bark,,Umgampondo,nd,Bauhinia thonningii,herbarium_confirmed,HERB-ZW-2026-0019,2026-09-20,dry,6.2,24.5,15.0,50,COL-003,silica_gel,25,MOBILE-LEC-01,COC-2026-0019,ZW-TK-2026-019,FPIC-ZW-2026-C019,NBA-ZW-2026-014,,complete,complete,public,2026-09-20T14:00:00+02:00,active
ZW-SMP-2026-020,CE-2026-020,ZW-SRC-001,Eastern Highlands,Manicaland,Chimanimani,W12,,communal,-19.7,32.92,5000,1,1300,plant_tissue,,Musasa,sn,Brachystegia spiciformis,herbarium_confirmed,HERB-ZW-2026-0020,2026-09-21,wet,6.2,24.5,15.0,50,COL-003,silica_gel,25,MOBILE-LEC-01,COC-2026-0020,ZW-TK-2026-020,FPIC-ZW-2026-C020,NBA-ZW-2026-014,,complete,complete,public,2026-09-21T14:00:00+02:00,active
ZW-SMP-2026-021,CE-2026-021,ZW-SRC-001,Eastern Highlands,Manicaland,Nyanga,W04,,communal,-19.7,32.92,5000,1,1305,soil,10,,,,,,2026-09-22,dry,6.2,24.5,15.0,50,COL-003,flash_frozen,25,MOBILE-LEC-01,COC-2026-0021,ZW-TK-2026-021,FPIC-ZW-2026-C021,NBA-ZW-2026-014,,complete,complete,public,2026-09-22T14:00:00+02:00,active
ZW-SMP-2026-022,CE-2026-022,ZW-SRC-001,Eastern Highlands,Manicaland,Chimanimani,W12,,communal,-19.69,32.93,5000,1,1310,bark,,Inhlaba,nd,Aloe arborescens,herbarium_confirmed,HERB-ZW-2026-0022,2026-09-23,wet,6.2,24.5,15.0,50,COL-003,silica_gel,25,MOBILE-LEC-01,COC-2026-0022,ZW-TK-2026-022,FPIC-ZW-2026-C022,NBA-ZW-2026-014,,complete,complete,public,2026-09-23T14:00:00+02:00,active
ZW-SMP-2026-023,CE-2026-023,ZW-SRC-001,Eastern Highlands,Manicaland,Nyanga,W04,,communal,-19.69,32.93,5000,1,1315,plant_tissue,,Muuyu,sn,Adansonia digitata,herbarium_confirmed,HERB-ZW-2026-0023,2026-09-24,dry,6.2,24.5,15.0,50,COL-003,silica_gel,25,MOBILE-LEC-01,COC-2026-0023,ZW-TK-2026-023,FPIC-ZW-2026-C023,NBA-ZW-2026-014,,complete,complete,public,2026-09-24T14:00:00+02:00,active
ZW-SMP-2026-024,CE-2026-024,ZW-SRC-001,Eastern Highlands,Manicaland,Chimanimani,W12,,communal,-19.68,32.93,5000,1,1320,soil,10,,,,,,2026-09-25,wet,6.2,24.5,15.0,50,COL-003,flash_frozen,25,MOBILE-LEC-01,COC-2026-0024,ZW-TK-2026-024,FPIC-ZW-2026-C024,NBA-ZW-2026-014,,complete,complete,public,2026-09-25T14:00:00+02:00,active
ZW-SMP-2026-025,CE-2026-025,ZW-SRC-001,Eastern Highlands,Manicaland,Nyanga,W04,,communal,-19.68,32.94,5000,1,1325,bark,,Mufufa,sn,Securidaca longipedunculata,herbarium_confirmed,HERB-ZW-2026-0025,2026-09-01,dry,6.2,24.5,15.0,50,COL-003,silica_gel,25,MOBILE-LEC-01,COC-2026-0025,ZW-TK-2026-025,FPIC-ZW-2026-C025,NBA-ZW-2026-014,,complete,complete,public,2026-09-01T14:00:00+02:00,active
ZW-SMP-2026-026,CE-2026-026,ZW-SRC-001,Eastern Highlands,Manicaland,Chimanimani,W12,,communal,-19.67,32.94,5000,1,1330,plant_tissue,,Umuvuma,nd,Securidaca longipedunculata,herbarium_confirmed,HERB-ZW-2026-0026,2026-09-02,wet,6.2,24.5,15.0,50,COL-003,silica_gel,25,MOBILE-LEC-01,COC-2026-0026,ZW-TK-2026-026,FPIC-ZW-2026-C026,NBA-ZW-2026-014,,complete,complete,public,2026-09-02T14:00:00+02:00,active
ZW-SMP-2026-027,CE-2026-027,ZW-SRC-001,Eastern Highlands,Manicaland,Nyanga,W04,,communal,-19.66,32.94,5000,1,1335,soil,10,,,,,,2026-09-03,dry,6.2,24.5,15.0,50,COL-003,flash_frozen,25,MOBILE-LEC-01,COC-2026-0027,ZW-TK-2026-027,FPIC-ZW-2026-C027,NBA-ZW-2026-014,,complete,complete,public,2026-09-03T14:00:00+02:00,active
ZW-SMP-2026-028,CE-2026-028,ZW-SRC-001,Eastern Highlands,Manicaland,Chimanimani,W12,,communal,-19.66,32.94,5000,1,1340,bark,,Inzinziniba,nd,Lippia javanica,herbarium_confirmed,HERB-ZW-2026-0028,2026-09-04,wet,6.2,24.5,15.0,50,COL-003,silica_gel,25,MOBILE-LEC-01,COC-2026-0028,ZW-TK-2026-028,FPIC-ZW-2026-C028,NBA-ZW-2026-014,,complete,complete,public,2026-09-04T14:00:00+02:00,active
ZW-SMP-2026-029,CE-2026-029,ZW-SRC-001,Eastern Highlands,Manicaland,Nyanga,W04,,communal,-19.66,32.95,5000,1,1345,plant_tissue,,Mufandichimuka,sn,Myrothamnus flabellifolius,herbarium_confirmed,HERB-ZW-2026-0029,2026-09-05,dry,6.2,24.5,15.0,50,COL-003,silica_gel,25,MOBILE-LEC-01,COC-2026-0029,ZW-TK-2026-029,FPIC-ZW-2026-C029,NBA-ZW-2026-014,,complete,complete,public,2026-09-05T14:00:00+02:00,active
ZW-SMP-2026-030,CE-2026-030,ZW-SRC-001,Eastern Highlands,Manicaland,Chimanimani,W12,,communal,-19.65,32.95,5000,1,1350,soil,10,,,,,,2026-09-06,wet,6.2,24.5,15.0,50,COL-003,flash_frozen,25,MOBILE-LEC-01,COC-2026-0030,ZW-TK-2026-030,FPIC-ZW-2026-C030,NBA-ZW-2026-014,,complete,complete,public,2026-09-06T14:00:00+02:00,active
ZW-SMP-2026-031,CE-2026-031,ZW-SRC-001,Eastern Highlands,Manicaland,Nyanga,W04,,communal,-19.64,32.95,5000,1,1355,bark,,Mukute,sn,Syzygium cordatum,herbarium_confirmed,HERB-ZW-2026-0031,2026-09-07,dry,6.2,24.5,15.0,50,COL-003,silica_gel,25,MOBILE-LEC-01,COC-2026-0031,ZW-TK-2026-031,FPIC-ZW-2026-C031,NBA-ZW-2026-014,,complete,complete,public,2026-09-07T14:00:00+02:00,active
ZW-SMP-2026-032,CE-2026-032,ZW-SRC-001,Eastern Highlands,Manicaland,Chimanimani,W12,,communal,-19.64,32.96,5000,1,1360,plant_tissue,,Umnyushwa,nd,Syzygium cordatum,herbarium_confirmed,HERB-ZW-2026-0032,2026-09-08,wet,6.2,24.5,15.0,50,COL-003,silica_gel,25,MOBILE-LEC-01,COC-2026-0032,ZW-TK-2026-032,FPIC-ZW-2026-C032,NBA-ZW-2026-014,,complete,complete,public,2026-09-08T14:00:00+02:00,active
ZW-SMP-2026-033,CE-2026-033,ZW-SRC-001,Eastern Highlands,Manicaland,Nyanga,W04,,communal,-19.64,32.96,5000,1,1365,soil,10,,,,,,2026-09-09,dry,6.2,24.5,15.0,50,COL-003,flash_frozen,25,MOBILE-LEC-01,COC-2026-0033,ZW-TK-2026-033,FPIC-ZW-2026-C033,NBA-ZW-2026-014,,complete,complete,public,2026-09-09T14:00:00+02:00,active
ZW-SMP-2026-034,CE-2026-034,ZW-SRC-001,Eastern Highlands,Manicaland,Chimanimani,W12,,communal,-19.63,32.96,5000,1,1370,bark,,Umthunduluka,nd,Ximenia americana,herbarium_confirmed,HERB-ZW-2026-0034,2026-09-10,wet,6.2,24.5,15.0,50,COL-003,silica_gel,25,MOBILE-LEC-01,COC-2026-0034,ZW-TK-2026-034,FPIC-ZW-2026-C034,NBA-ZW-2026-014,,complete,complete,public,2026-09-10T14:00:00+02:00,active
ZW-SMP-2026-035,CE-2026-035,ZW-SRC-001,Eastern Highlands,Manicaland,Nyanga,W04,,communal,-19.62,32.96,5000,1,1375,plant_tissue,,Mutshikili,sn,Trichilia emetica,herbarium_confirmed,HERB-ZW-2026-0035,2026-09-11,dry,6.2,24.5,15.0,50,COL-003,silica_gel,25,MOBILE-LEC-01,COC-2026-0035,ZW-TK-2026-035,FPIC-ZW-2026-C035,NBA-ZW-2026-014,,complete,complete,public,2026-09-11T14:00:00+02:00,active
ZW-SMP-2026-036,CE-2026-036,ZW-SRC-001,Eastern Highlands,Manicaland,Chimanimani,W12,,communal,-19.62,32.97,5000,1,1380,soil,10,,,,,,2026-09-12,wet,6.2,24.5,15.0,50,COL-003,flash_frozen,25,MOBILE-LEC-01,COC-2026-0036,ZW-TK-2026-036,FPIC-ZW-2026-C036,NBA-ZW-2026-014,,complete,complete,public,2026-09-12T14:00:00+02:00,active
ZW-SMP-2026-037,CE-2026-037,ZW-SRC-001,Eastern Highlands,Manicaland,Nyanga,W04,,communal,-19.62,32.97,5000,1,1385,bark,,Umgonogono,nd,Lannea discolor,herbarium_confirmed,HERB-ZW-2026-0037,2026-09-13,dry,6.2,24.5,15.0,50,COL-003,silica_gel,25,MOBILE-LEC-01,COC-2026-0037,ZW-TK-2026-037,FPIC-ZW-2026-C037,NBA-ZW-2026-014,,complete,complete,public,2026-09-13T14:00:00+02:00,active
ZW-SMP-2026-038,CE-2026-038,ZW-SRC-001,Eastern Highlands,Manicaland,Chimanimani,W12,,communal,-19.61,32.97,5000,1,1390,plant_tissue,,Muchecheni,sn,Ziziphus mucronata,herbarium_confirmed,HERB-ZW-2026-0038,2026-09-14,wet,6.2,24.5,15.0,50,COL-003,silica_gel,25,MOBILE-LEC-01,COC-2026-0038,ZW-TK-2026-038,FPIC-ZW-2026-C038,NBA-ZW-2026-014,,complete,complete,public,2026-09-14T14:00:00+02:00,active
ZW-SMP-2026-039,CE-2026-039,ZW-SRC-001,Eastern Highlands,Manicaland,Nyanga,W04,,communal,-19.61,32.98,5000,1,1395,soil,10,,,,,,2026-09-15,dry,6.2,24.5,15.0,50,COL-003,flash_frozen,25,MOBILE-LEC-01,COC-2026-0039,ZW-TK-2026-039,FPIC-ZW-2026-C039,NBA-ZW-2026-014,,complete,complete,public,2026-09-15T14:00:00+02:00,active
ZW-SMP-2026-040,CE-2026-040,ZW-SRC-001,Eastern Highlands,Manicaland,Chimanimani,W12,,communal,-19.6,32.98,5000,1,1400,bark,,Munhundu,sn,Flacourtia indica,herbarium_confirmed,HERB-ZW-2026-0040,2026-09-16,wet,6.2,24.5,15.0,50,COL-003,silica_gel,25,MOBILE-LEC-01,COC-2026-0040,ZW-TK-2026-040,FPIC-ZW-2026-C040,NBA-ZW-2026-014,,complete,complete,public,2026-09-16T14:00:00+02:00,active
ZW-SMP-2026-041,CE-2026-041,ZW-SRC-001,Eastern Highlands,Manicaland,Nyanga,W04,,communal,-19.6,32.98,5000,1,1405,plant_tissue,,Munzviru,sn,Vangueria infausta,herbarium_confirmed,HERB-ZW-2026-0041,2026-09-17,dry,6.2,24.5,15.0,50,COL-003,silica_gel,25,MOBILE-LEC-01,COC-2026-0041,ZW-TK-2026-041,FPIC-ZW-2026-C041,NBA-ZW-2026-014,,complete,complete,public,2026-09-17T14:00:00+02:00,active
ZW-SMP-2026-042,CE-2026-042,ZW-SRC-001,Eastern Highlands,Manicaland,Chimanimani,W12,,communal,-19.59,32.99,5000,1,1410,soil,10,,,,,,2026-09-18,wet,6.2,24.5,15.0,50,COL-003,flash_frozen,25,MOBILE-LEC-01,COC-2026-0042,ZW-TK-2026-042,FPIC-ZW-2026-C042,NBA-ZW-2026-014,,complete,complete,public,2026-09-18T14:00:00+02:00,active
ZW-SMP-2026-043,CE-2026-043,ZW-SRC-001,Eastern Highlands,Manicaland,Nyanga,W04,,communal,-19.59,32.99,5000,1,1415,bark,,Mupambangoma,sn,Vernonia amygdalina,herbarium_confirmed,HERB-ZW-2026-0043,2026-09-19,dry,6.2,24.5,15.0,50,COL-003,silica_gel,25,MOBILE-LEC-01,COC-2026-0043,ZW-TK-2026-043,FPIC-ZW-2026-C043,NBA-ZW-2026-014,,complete,complete,public,2026-09-19T14:00:00+02:00,active
ZW-SMP-2026-044,CE-2026-044,ZW-SRC-001,Eastern Highlands,Manicaland,Chimanimani,W12,,communal,-19.58,32.99,5000,1,1420,plant_tissue,,Umgonondo,nd,Terminalia phanerophlebia,herbarium_confirmed,HERB-ZW-2026-0044,2026-09-20,wet,6.2,24.5,15.0,50,COL-003,silica_gel,25,MOBILE-LEC-01,COC-2026-0044,ZW-TK-2026-044,FPIC-ZW-2026-C044,NBA-ZW-2026-014,,complete,complete,public,2026-09-20T14:00:00+02:00,active
ZW-SMP-2026-045,CE-2026-045,ZW-SRC-001,Eastern Highlands,Manicaland,Nyanga,W04,,communal,-19.57,32.99,5000,1,1425,soil,10,,,,,,2026-09-21,dry,6.2,24.5,15.0,50,COL-003,flash_frozen,25,MOBILE-LEC-01,COC-2026-0045,ZW-TK-2026-045,FPIC-ZW-2026-C045,NBA-ZW-2026-014,,complete,complete,public,2026-09-21T14:00:00+02:00,active
ZW-SMP-2026-046,CE-2026-046,ZW-SRC-002,Mazowe,Masvingo,Chiredzi,W08,,communal,-21.23,31.85,5000,1,1430,bark,,Mugaranhjanja,sn,Gymnosporia senegalensis,herbarium_confirmed,HERB-ZW-2026-0046,2026-10-22,wet,6.2,24.5,15.0,50,COL-003,silica_gel,25,MOBILE-LEC-01,COC-2026-0046,ZW-TK-2026-046,FPIC-ZW-2026-C046,NBA-ZW-2026-014,,complete,complete,public,2026-10-22T14:00:00+02:00,active
ZW-SMP-2026-047,CE-2026-047,ZW-SRC-002,Mazowe,Masvingo,Chiredzi,W08,,communal,-21.24,31.86,5000,1,1435,plant_tissue,,Umthathi,nd,Ptaeroxylon obliquum,herbarium_confirmed,HERB-ZW-2026-0047,2026-10-23,dry,6.2,24.5,15.0,50,COL-003,silica_gel,25,MOBILE-LEC-01,COC-2026-0047,ZW-TK-2026-047,FPIC-ZW-2026-C047,NBA-ZW-2026-014,,complete,complete,public,2026-10-23T14:00:00+02:00,active
ZW-SMP-2026-048,CE-2026-048,ZW-SRC-002,Mazowe,Masvingo,Chiredzi,W08,,communal,-21.24,31.86,5000,1,1440,soil,10,,,,,,2026-10-24,wet,6.2,24.5,15.0,50,COL-003,flash_frozen,25,MOBILE-LEC-01,COC-2026-0048,ZW-TK-2026-048,FPIC-ZW-2026-C048,NBA-ZW-2026-014,,complete,complete,public,2026-10-24T14:00:00+02:00,active
ZW-SMP-2026-049,CE-2026-049,ZW-SRC-002,Mazowe,Masvingo,Chiredzi,W08,,communal,-21.25,31.87,5000,1,1445,bark,,Umsimbithi,nd,Milletia grandis,herbarium_confirmed,HERB-ZW-2026-0049,2026-10-25,dry,6.2,24.5,15.0,50,COL-003,silica_gel,25,MOBILE-LEC-01,COC-2026-0049,ZW-TK-2026-049,FPIC-ZW-2026-C049,NBA-ZW-2026-014,,complete,complete,public,2026-10-25T14:00:00+02:00,active
ZW-SMP-2026-050,CE-2026-050,ZW-SRC-002,Mazowe,Masvingo,Chiredzi,W08,,communal,-21.25,31.87,5000,1,1450,plant_tissue,,Mundari,sn,Gardenia volkensii,herbarium_confirmed,HERB-ZW-2026-0050,2026-10-01,wet,6.2,24.5,15.0,50,COL-003,silica_gel,25,MOBILE-LEC-01,COC-2026-0050,ZW-TK-2026-050,FPIC-ZW-2026-C050,NBA-ZW-2026-014,,complete,complete,public,2026-10-01T14:00:00+02:00,active
ZW-SMP-2026-051,CE-2026-051,ZW-SRC-002,Mazowe,Masvingo,Chiredzi,W08,,communal,-21.25,31.87,5000,1,1455,soil,10,,,,,,2026-10-02,dry,6.2,24.5,15.0,50,COL-003,flash_frozen,25,MOBILE-LEC-01,COC-2026-0051,ZW-TK-2026-001,FPIC-ZW-2026-C001,NBA-ZW-2026-014,,complete,complete,public,2026-10-02T14:00:00+02:00,active
ZW-SMP-2026-052,CE-2026-052,ZW-SRC-002,Mazowe,Masvingo,Chiredzi,W08,,communal,-21.26,31.88,5000,1,1460,bark,,Isiphepheto,nd,Siphonochilus aethiopicus,herbarium_confirmed,HERB-ZW-2026-0052,2026-10-03,wet,6.2,24.5,15.0,50,COL-003,silica_gel,25,MOBILE-LEC-01,COC-2026-0052,ZW-TK-2026-002,FPIC-ZW-2026-C002,NBA-ZW-2026-014,,complete,complete,public,2026-10-03T14:00:00+02:00,active
ZW-SMP-2026-053,CE-2026-053,ZW-SRC-002,Mazowe,Masvingo,Chiredzi,W08,,communal,-21.26,31.88,5000,1,1465,plant_tissue,,Tsangamidzi Yemukati,sn,Zingiber officinale,herbarium_confirmed,HERB-ZW-2026-0053,2026-10-04,dry,6.2,24.5,15.0,50,COL-003,silica_gel,25,MOBILE-LEC-01,COC-2026-0053,ZW-TK-2026-003,FPIC-ZW-2026-C003,NBA-ZW-2026-014,,complete,complete,public,2026-10-04T14:00:00+02:00,active
ZW-SMP-2026-054,CE-2026-054,ZW-SRC-002,Mazowe,Masvingo,Chiredzi,W08,,communal,-21.27,31.89,5000,1,1470,soil,10,,,,,,2026-10-05,wet,6.2,24.5,15.0,50,COL-003,flash_frozen,25,MOBILE-LEC-01,COC-2026-0054,ZW-TK-2026-004,FPIC-ZW-2026-C004,NBA-ZW-2026-014,,complete,complete,public,2026-10-05T14:00:00+02:00,active
ZW-SMP-2026-055,CE-2026-055,ZW-SRC-002,Mazowe,Masvingo,Chiredzi,W08,,communal,-21.27,31.89,5000,1,1475,bark,,Isibhaha,nd,Warburgia salutaris,herbarium_confirmed,HERB-ZW-2026-0055,2026-10-06,dry,6.2,24.5,15.0,50,COL-003,silica_gel,25,MOBILE-LEC-01,COC-2026-0055,ZW-TK-2026-005,FPIC-ZW-2026-C005,NBA-ZW-2026-014,,complete,complete,public,2026-10-06T14:00:00+02:00,active
ZW-SMP-2026-056,CE-2026-056,ZW-SRC-002,Mazowe,Masvingo,Chiredzi,W08,,communal,-21.27,31.89,5000,1,1480,plant_tissue,,Mubvamaropa,sn,Pterocarpus angolensis,herbarium_confirmed,HERB-ZW-2026-0056,2026-10-07,wet,6.2,24.5,15.0,50,COL-003,silica_gel,25,MOBILE-LEC-01,COC-2026-0056,ZW-TK-2026-006,FPIC-ZW-2026-C006,NBA-ZW-2026-014,,complete,complete,public,2026-10-07T14:00:00+02:00,redacted
ZW-SMP-2026-057,CE-2026-057,ZW-SRC-002,Mazowe,Masvingo,Chiredzi,W08,,communal,-21.28,31.9,5000,1,1485,soil,10,,,,,,2026-10-08,dry,6.2,24.5,15.0,50,COL-003,flash_frozen,25,MOBILE-LEC-01,COC-2026-0057,ZW-TK-2026-007,FPIC-ZW-2026-C007,NBA-ZW-2026-014,,complete,complete,public,2026-10-08T14:00:00+02:00,active
ZW-SMP-2026-058,CE-2026-058,ZW-SRC-002,Mazowe,Masvingo,Chiredzi,W08,,communal,-21.28,31.9,5000,1,1490,bark,,Inkazana Yemanzini,nd,Eichhornia crassipes,herbarium_confirmed,HERB-ZW-2026-0058,2026-10-09,wet,6.2,24.5,15.0,50,COL-003,silica_gel,25,MOBILE-LEC-01,COC-2026-0058,ZW-TK-2026-008,FPIC-ZW-2026-C008,NBA-ZW-2026-014,,complete,complete,public,2026-10-09T14:00:00+02:00,active
ZW-SMP-2026-059,CE-2026-059,ZW-SRC-002,Mazowe,Masvingo,Chiredzi,W08,,communal,-21.29,31.91,5000,1,1495,plant_tissue,,Mukamba,sn,Afzelia quanzensis,herbarium_confirmed,HERB-ZW-2026-0059,2026-10-10,dry,6.2,24.5,15.0,50,COL-003,silica_gel,25,MOBILE-LEC-01,COC-2026-0059,ZW-TK-2026-009,FPIC-ZW-2026-C009,NBA-ZW-2026-014,,complete,complete,public,2026-10-10T14:00:00+02:00,active
ZW-SMP-2026-060,CE-2026-060,ZW-SRC-002,Mazowe,Masvingo,Chiredzi,W08,,communal,-21.29,31.91,5000,1,1500,soil,10,,,,,,2026-10-11,wet,6.2,24.5,15.0,50,COL-003,flash_frozen,25,MOBILE-LEC-01,COC-2026-0060,ZW-TK-2026-010,FPIC-ZW-2026-C010,NBA-ZW-2026-014,,complete,complete,public,2026-10-11T14:00:00+02:00,active
ZW-SMP-2026-061,CE-2026-061,ZW-SRC-002,Mazowe,Masvingo,Chiredzi,W08,,communal,-21.29,31.91,5000,1,1505,bark,,Umsehla,nd,Peltophorum africanum,herbarium_confirmed,HERB-ZW-2026-0061,2026-10-12,dry,6.2,24.5,15.0,50,COL-003,silica_gel,25,MOBILE-LEC-01,COC-2026-0061,ZW-TK-2026-011,FPIC-ZW-2026-C011,NBA-ZW-2026-014,,complete,complete,public,2026-10-12T14:00:00+02:00,active
ZW-SMP-2026-062,CE-2026-062,ZW-SRC-002,Mazowe,Masvingo,Chiredzi,W08,,communal,-21.3,31.92,5000,1,1510,plant_tissue,,Munhondo,sn,Julbernardia globiflora,herbarium_confirmed,HERB-ZW-2026-0062,2026-10-13,wet,6.2,24.5,15.0,50,COL-003,silica_gel,25,MOBILE-LEC-01,COC-2026-0062,ZW-TK-2026-012,FPIC-ZW-2026-C012,NBA-ZW-2026-014,,complete,complete,public,2026-10-13T14:00:00+02:00,active
ZW-SMP-2026-063,CE-2026-063,ZW-SRC-002,Mazowe,Masvingo,Chiredzi,W08,,communal,-21.3,31.92,5000,1,1515,soil,10,,,,,,2026-10-14,dry,6.2,24.5,15.0,50,COL-003,flash_frozen,25,MOBILE-LEC-01,COC-2026-0063,ZW-TK-2026-013,FPIC-ZW-2026-C013,NBA-ZW-2026-014,,complete,complete,public,2026-10-14T14:00:00+02:00,active
ZW-SMP-2026-064,CE-2026-064,ZW-SRC-002,Mazowe,Masvingo,Chiredzi,W08,,communal,-21.31,31.93,5000,1,1520,bark,,Umtshwili,nd,Tarchonanthus camphoratus,herbarium_confirmed,HERB-ZW-2026-0064,2026-10-15,wet,6.2,24.5,15.0,50,COL-003,silica_gel,25,MOBILE-LEC-01,COC-2026-0064,ZW-TK-2026-014,FPIC-ZW-2026-C014,NBA-ZW-2026-014,,complete,complete,public,2026-10-15T14:00:00+02:00,active
ZW-SMP-2026-065,CE-2026-065,ZW-SRC-002,Mazowe,Masvingo,Chiredzi,W08,,communal,-21.31,31.93,5000,1,1525,plant_tissue,,Umkhwenkwe,nd,Pittosporum viridiflorum,herbarium_confirmed,HERB-ZW-2026-0065,2026-10-16,dry,6.2,24.5,15.0,50,COL-003,silica_gel,25,MOBILE-LEC-01,COC-2026-0065,ZW-TK-2026-015,FPIC-ZW-2026-C015,NBA-ZW-2026-014,,complete,complete,public,2026-10-16T14:00:00+02:00,active
ZW-SMP-2026-066,CE-2026-066,ZW-SRC-002,Mazowe,Masvingo,Chiredzi,W08,,communal,-21.31,31.93,5000,1,1530,soil,10,,,,,,2026-10-17,wet,6.2,24.5,15.0,50,COL-003,flash_frozen,25,MOBILE-LEC-01,COC-2026-0066,ZW-TK-2026-016,FPIC-ZW-2026-C016,NBA-ZW-2026-014,,complete,complete,public,2026-10-17T14:00:00+02:00,active
ZW-SMP-2026-067,CE-2026-067,ZW-SRC-002,Mazowe,Masvingo,Chiredzi,W08,,communal,-21.32,31.94,5000,1,1535,bark,,Mupfuti,sn,Brachystegia boehmii,herbarium_confirmed,HERB-ZW-2026-0067,2026-10-18,dry,6.2,24.5,15.0,50,COL-003,silica_gel,25,MOBILE-LEC-01,COC-2026-0067,ZW-TK-2026-017,FPIC-ZW-2026-C017,NBA-ZW-2026-014,,complete,complete,public,2026-10-18T14:00:00+02:00,active
ZW-SMP-2026-068,CE-2026-068,ZW-SRC-002,Mazowe,Masvingo,Chiredzi,W08,,communal,-21.32,31.94,5000,1,1540,plant_tissue,,Mubvumira,sn,Kirkia acuminata,herbarium_confirmed,HERB-ZW-2026-0068,2026-10-19,wet,6.2,24.5,15.0,50,COL-003,silica_gel,25,MOBILE-LEC-01,COC-2026-0068,ZW-TK-2026-018,FPIC-ZW-2026-C018,NBA-ZW-2026-014,,complete,complete,public,2026-10-19T14:00:00+02:00,active
ZW-SMP-2026-069,CE-2026-069,ZW-SRC-002,Mazowe,Masvingo,Chiredzi,W08,,communal,-21.33,31.95,5000,1,1545,soil,10,,,,,,2026-10-20,dry,6.2,24.5,15.0,50,COL-003,flash_frozen,25,MOBILE-LEC-01,COC-2026-0069,ZW-TK-2026-019,FPIC-ZW-2026-C019,NBA-ZW-2026-014,,complete,complete,public,2026-10-20T14:00:00+02:00,active
ZW-SMP-2026-070,CE-2026-070,ZW-SRC-002,Mazowe,Masvingo,Chiredzi,W08,,communal,-21.33,31.95,5000,1,1550,bark,,Musasa,sn,Brachystegia spiciformis,herbarium_confirmed,HERB-ZW-2026-0070,2026-10-21,wet,6.2,24.5,15.0,50,COL-003,silica_gel,25,MOBILE-LEC-01,COC-2026-0070,ZW-TK-2026-020,FPIC-ZW-2026-C020,NBA-ZW-2026-014,,complete,complete,public,2026-10-21T14:00:00+02:00,active
ZW-SMP-2026-071,CE-2026-071,ZW-SRC-002,Mazowe,Masvingo,Chiredzi,W08,,communal,-21.33,31.95,5000,1,1555,plant_tissue,,Gavakava,sn,Aloe excelsa,herbarium_confirmed,HERB-ZW-2026-0071,2026-10-22,dry,6.2,24.5,15.0,50,COL-003,silica_gel,25,MOBILE-LEC-01,COC-2026-0071,ZW-TK-2026-021,FPIC-ZW-2026-C021,NBA-ZW-2026-014,,complete,complete,public,2026-10-22T14:00:00+02:00,active
ZW-SMP-2026-072,CE-2026-072,ZW-SRC-002,Mazowe,Masvingo,Chiredzi,W08,,communal,-21.34,31.96,5000,1,1560,soil,10,,,,,,2026-10-23,wet,6.2,24.5,15.0,50,COL-003,flash_frozen,25,MOBILE-LEC-01,COC-2026-0072,ZW-TK-2026-022,FPIC-ZW-2026-C022,NBA-ZW-2026-014,,complete,complete,public,2026-10-23T14:00:00+02:00,active
ZW-SMP-2026-073,CE-2026-073,ZW-SRC-002,Mazowe,Masvingo,Chiredzi,W08,,communal,-21.34,31.96,5000,1,1565,bark,,Muuyu,sn,Adansonia digitata,herbarium_confirmed,HERB-ZW-2026-0073,2026-10-24,dry,6.2,24.5,15.0,50,COL-003,silica_gel,25,MOBILE-LEC-01,COC-2026-0073,ZW-TK-2026-023,FPIC-ZW-2026-C023,NBA-ZW-2026-014,,complete,complete,public,2026-10-24T14:00:00+02:00,active
ZW-SMP-2026-074,CE-2026-074,ZW-SRC-002,Mazowe,Masvingo,Chiredzi,W08,,communal,-21.35,31.97,5000,1,1570,plant_tissue,,Umkhomo,nd,Adansonia digitata,herbarium_confirmed,HERB-ZW-2026-0074,2026-10-25,wet,6.2,24.5,15.0,50,COL-003,silica_gel,25,MOBILE-LEC-01,COC-2026-0074,ZW-TK-2026-024,FPIC-ZW-2026-C024,NBA-ZW-2026-014,,complete,complete,public,2026-10-25T14:00:00+02:00,active
ZW-SMP-2026-075,CE-2026-075,ZW-SRC-002,Mazowe,Masvingo,Chiredzi,W08,,communal,-21.35,31.97,5000,1,1575,soil,10,,,,,,2026-10-01,dry,6.2,24.5,15.0,50,COL-003,flash_frozen,25,MOBILE-LEC-01,COC-2026-0075,ZW-TK-2026-025,FPIC-ZW-2026-C025,NBA-ZW-2026-014,,complete,complete,public,2026-10-01T14:00:00+02:00,active
ZW-SMP-2026-076,CE-2026-076,ZW-SRC-002,Mazowe,Masvingo,Chiredzi,W08,,communal,-21.35,31.97,5000,1,1580,bark,,Umuvuma,nd,Securidaca longipedunculata,herbarium_confirmed,HERB-ZW-2026-0076,2026-10-02,wet,6.2,24.5,15.0,50,COL-003,silica_gel,25,MOBILE-LEC-01,COC-2026-0076,ZW-TK-2026-026,FPIC-ZW-2026-C026,NBA-ZW-2026-014,,complete,complete,public,2026-10-02T14:00:00+02:00,active
ZW-SMP-2026-077,CE-2026-077,ZW-SRC-002,Mazowe,Masvingo,Chiredzi,W08,,communal,-21.36,31.98,5000,1,1585,plant_tissue,,Zumbani,sn,Lippia javanica,herbarium_confirmed,HERB-ZW-2026-0077,2026-10-03,dry,6.2,24.5,15.0,50,COL-003,silica_gel,25,MOBILE-LEC-01,COC-2026-0077,ZW-TK-2026-027,FPIC-ZW-2026-C027,NBA-ZW-2026-014,,complete,complete,public,2026-10-03T14:00:00+02:00,active
ZW-SMP-2026-078,CE-2026-078,ZW-SRC-002,Mazowe,Masvingo,Chiredzi,W08,,communal,-21.36,31.98,5000,1,1590,soil,10,,,,,,2026-10-04,wet,6.2,24.5,15.0,50,COL-003,flash_frozen,25,MOBILE-LEC-01,COC-2026-0078,ZW-TK-2026-028,FPIC-ZW-2026-C028,NBA-ZW-2026-014,,complete,complete,public,2026-10-04T14:00:00+02:00,active
ZW-SMP-2026-079,CE-2026-079,ZW-SRC-002,Mazowe,Masvingo,Chiredzi,W08,,communal,-21.37,31.99,5000,1,1595,bark,,Mufandichimuka,sn,Myrothamnus flabellifolius,herbarium_confirmed,HERB-ZW-2026-0079,2026-10-05,dry,6.2,24.5,15.0,50,COL-003,silica_gel,25,MOBILE-LEC-01,COC-2026-0079,ZW-TK-2026-029,FPIC-ZW-2026-C029,NBA-ZW-2026-014,,complete,complete,public,2026-10-05T14:00:00+02:00,active
ZW-SMP-2026-080,CE-2026-080,ZW-SRC-002,Mazowe,Masvingo,Chiredzi,W08,,communal,-21.37,31.99,5000,1,1600,plant_tissue,,Mumveve,sn,Kigelia africana,herbarium_confirmed,HERB-ZW-2026-0080,2026-10-06,wet,6.2,24.5,15.0,50,COL-003,silica_gel,25,MOBILE-LEC-01,COC-2026-0080,ZW-TK-2026-030,FPIC-ZW-2026-C030,NBA-ZW-2026-014,,complete,complete,public,2026-10-06T14:00:00+02:00,active
ZW-SMP-2026-081,CE-2026-081,ZW-SRC-003,Zvishavane,Midlands,Gokwe,W04,,communal,-17.98,28.77,5000,1,1605,soil,10,,,,,,2026-11-07,dry,6.2,24.5,15.0,50,COL-003,flash_frozen,25,MOBILE-LEC-01,COC-2026-0081,ZW-TK-2026-031,FPIC-ZW-2026-C031,NBA-ZW-2026-014,,complete,complete,public,2026-11-07T14:00:00+02:00,active
ZW-SMP-2026-082,CE-2026-082,ZW-SRC-003,Zvishavane,Midlands,Gokwe,W04,,communal,-17.97,28.77,5000,1,1610,bark,,Umnyushwa,nd,Syzygium cordatum,herbarium_confirmed,HERB-ZW-2026-0082,2026-11-08,wet,6.2,24.5,15.0,50,COL-003,silica_gel,25,MOBILE-LEC-01,COC-2026-0082,ZW-TK-2026-032,FPIC-ZW-2026-C032,NBA-ZW-2026-014,,complete,complete,public,2026-11-08T14:00:00+02:00,active
ZW-SMP-2026-083,CE-2026-083,ZW-SRC-003,Zvishavane,Midlands,Gokwe,W04,,communal,-17.97,28.76,5000,1,1615,plant_tissue,,Muchechete,sn,Mimusops zeyheri,herbarium_confirmed,HERB-ZW-2026-0083,2026-11-09,dry,6.2,24.5,15.0,50,COL-003,silica_gel,25,MOBILE-LEC-01,COC-2026-0083,ZW-TK-2026-033,FPIC-ZW-2026-C033,NBA-ZW-2026-014,,complete,complete,public,2026-11-09T14:00:00+02:00,active
ZW-SMP-2026-084,CE-2026-084,ZW-SRC-003,Zvishavane,Midlands,Gokwe,W04,,communal,-17.97,28.76,5000,1,1620,soil,10,,,,,,2026-11-10,wet,6.2,24.5,15.0,50,COL-003,flash_frozen,25,MOBILE-LEC-01,COC-2026-0084,ZW-TK-2026-034,FPIC-ZW-2026-C034,NBA-ZW-2026-014,,complete,complete,public,2026-11-10T14:00:00+02:00,active
ZW-SMP-2026-085,CE-2026-085,ZW-SRC-003,Zvishavane,Midlands,Gokwe,W04,,communal,-17.96,28.76,5000,1,1625,bark,,Mutshikili,sn,Trichilia emetica,herbarium_confirmed,HERB-ZW-2026-0085,2026-11-11,dry,6.2,24.5,15.0,50,COL-003,silica_gel,25,MOBILE-LEC-01,COC-2026-0085,ZW-TK-2026-035,FPIC-ZW-2026-C035,NBA-ZW-2026-014,,complete,complete,public,2026-11-11T14:00:00+02:00,active
ZW-SMP-2026-086,CE-2026-086,ZW-SRC-003,Zvishavane,Midlands,Gokwe,W04,,communal,-17.96,28.76,5000,1,1630,plant_tissue,,Mufundamengwe,sn,Croton gratissimus,herbarium_confirmed,HERB-ZW-2026-0086,2026-11-12,wet,6.2,24.5,15.0,50,COL-003,silica_gel,25,MOBILE-LEC-01,COC-2026-0086,ZW-TK-2026-036,FPIC-ZW-2026-C036,NBA-ZW-2026-014,,complete,complete,public,2026-11-12T14:00:00+02:00,active
ZW-SMP-2026-087,CE-2026-087,ZW-SRC-003,Zvishavane,Midlands,Gokwe,W04,,communal,-17.96,28.76,5000,1,1635,soil,10,,,,,,2026-11-13,dry,6.2,24.5,15.0,50,COL-003,flash_frozen,25,MOBILE-LEC-01,COC-2026-0087,ZW-TK-2026-037,FPIC-ZW-2026-C037,NBA-ZW-2026-014,,complete,complete,public,2026-11-13T14:00:00+02:00,active
ZW-SMP-2026-088,CE-2026-088,ZW-SRC-003,Zvishavane,Midlands,Gokwe,W04,,communal,-17.96,28.75,5000,1,1640,bark,,Muchecheni,sn,Ziziphus mucronata,herbarium_confirmed,HERB-ZW-2026-0088,2026-11-14,wet,6.2,24.5,15.0,50,COL-003,silica_gel,25,MOBILE-LEC-01,COC-2026-0088,ZW-TK-2026-038,FPIC-ZW-2026-C038,NBA-ZW-2026-014,,complete,complete,public,2026-11-14T14:00:00+02:00,active
ZW-SMP-2026-089,CE-2026-089,ZW-SRC-003,Zvishavane,Midlands,Gokwe,W04,,communal,-17.95,28.75,5000,1,1645,plant_tissue,,Umtshekesane,nd,Euclea divinorum,herbarium_confirmed,HERB-ZW-2026-0089,2026-11-15,dry,6.2,24.5,15.0,50,COL-003,silica_gel,25,MOBILE-LEC-01,COC-2026-0089,ZW-TK-2026-039,FPIC-ZW-2026-C039,NBA-ZW-2026-014,,complete,complete,public,2026-11-15T14:00:00+02:00,active
ZW-SMP-2026-090,CE-2026-090,ZW-SRC-003,Zvishavane,Midlands,Gokwe,W04,,communal,-17.95,28.75,5000,1,1650,soil,10,,,,,,2026-11-16,wet,6.2,24.5,15.0,50,COL-003,flash_frozen,25,MOBILE-LEC-01,COC-2026-0090,ZW-TK-2026-040,FPIC-ZW-2026-C040,NBA-ZW-2026-014,,complete,complete,public,2026-11-16T14:00:00+02:00,active
ZW-SMP-2026-091,CE-2026-091,ZW-SRC-003,Zvishavane,Midlands,Gokwe,W04,,communal,-17.95,28.75,5000,1,1655,bark,,Munzviru,sn,Vangueria infausta,herbarium_confirmed,HERB-ZW-2026-0091,2026-11-17,dry,6.2,24.5,15.0,50,COL-003,silica_gel,25,MOBILE-LEC-01,COC-2026-0091,ZW-TK-2026-041,FPIC-ZW-2026-C041,NBA-ZW-2026-014,,complete,complete,public,2026-11-17T14:00:00+02:00,active
ZW-SMP-2026-092,CE-2026-092,ZW-SRC-003,Zvishavane,Midlands,Gokwe,W04,,communal,-17.94,28.75,5000,1,1660,plant_tissue,,Muvazvi,sn,Hoslundia opposita,herbarium_confirmed,HERB-ZW-2026-0092,2026-11-18,wet,6.2,24.5,15.0,50,COL-003,silica_gel,25,MOBILE-LEC-01,COC-2026-0092,ZW-TK-2026-042,FPIC-ZW-2026-C042,NBA-ZW-2026-014,,complete,complete,public,2026-11-18T14:00:00+02:00,active
ZW-SMP-2026-093,CE-2026-093,ZW-SRC-003,Zvishavane,Midlands,Gokwe,W04,,communal,-17.94,28.74,5000,1,1665,soil,10,,,,,,2026-11-19,dry,6.2,24.5,15.0,50,COL-003,flash_frozen,25,MOBILE-LEC-01,COC-2026-0093,ZW-TK-2026-043,FPIC-ZW-2026-C043,NBA-ZW-2026-014,,complete,complete,public,2026-11-19T14:00:00+02:00,active
ZW-SMP-2026-094,CE-2026-094,ZW-SRC-003,Zvishavane,Midlands,Gokwe,W04,,communal,-17.94,28.74,5000,1,1670,bark,,Umgonondo,nd,Terminalia phanerophlebia,herbarium_confirmed,HERB-ZW-2026-0094,2026-11-20,wet,6.2,24.5,15.0,50,COL-003,silica_gel,25,MOBILE-LEC-01,COC-2026-0094,ZW-TK-2026-044,FPIC-ZW-2026-C044,NBA-ZW-2026-014,,complete,complete,public,2026-11-20T14:00:00+02:00,active
ZW-SMP-2026-095,CE-2026-095,ZW-SRC-003,Zvishavane,Midlands,Gokwe,W04,,communal,-17.93,28.74,5000,1,1675,plant_tissue,,Mutowa,sn,Diplorhynchus condylocarpon,herbarium_confirmed,HERB-ZW-2026-0095,2026-11-21,dry,6.2,24.5,15.0,50,COL-003,silica_gel,25,MOBILE-LEC-01,COC-2026-0095,ZW-TK-2026-045,FPIC-ZW-2026-C045,NBA-ZW-2026-014,,complete,complete,public,2026-11-21T14:00:00+02:00,active
ZW-SMP-2026-096,CE-2026-096,ZW-SRC-003,Zvishavane,Midlands,Gokwe,W04,,communal,-17.93,28.74,5000,1,1680,soil,10,,,,,,2026-11-22,wet,6.2,24.5,15.0,50,COL-003,flash_frozen,25,MOBILE-LEC-01,COC-2026-0096,ZW-TK-2026-046,FPIC-ZW-2026-C046,NBA-ZW-2026-014,,complete,complete,public,2026-11-22T14:00:00+02:00,active
ZW-SMP-2026-097,CE-2026-097,ZW-SRC-003,Zvishavane,Midlands,Gokwe,W04,,communal,-17.93,28.74,5000,1,1685,bark,,Umthathi,nd,Ptaeroxylon obliquum,herbarium_confirmed,HERB-ZW-2026-0097,2026-11-23,dry,6.2,24.5,15.0,50,COL-003,silica_gel,25,MOBILE-LEC-01,COC-2026-0097,ZW-TK-2026-047,FPIC-ZW-2026-C047,NBA-ZW-2026-014,,complete,complete,public,2026-11-23T14:00:00+02:00,active
ZW-SMP-2026-098,CE-2026-098,ZW-SRC-003,Zvishavane,Midlands,Gokwe,W04,,communal,-17.93,28.73,5000,1,1690,plant_tissue,,Mupiningura,sn,Euclea natalensis,herbarium_confirmed,HERB-ZW-2026-0098,2026-11-24,wet,6.2,24.5,15.0,50,COL-003,silica_gel,25,MOBILE-LEC-01,COC-2026-0098,ZW-TK-2026-048,FPIC-ZW-2026-C048,NBA-ZW-2026-014,,complete,complete,public,2026-11-24T14:00:00+02:00,active
ZW-SMP-2026-099,CE-2026-099,ZW-SRC-003,Zvishavane,Midlands,Gokwe,W04,,communal,-17.92,28.73,5000,1,1695,soil,10,,,,,,2026-11-25,dry,6.2,24.5,15.0,50,COL-003,flash_frozen,25,MOBILE-LEC-01,COC-2026-0099,ZW-TK-2026-049,FPIC-ZW-2026-C049,NBA-ZW-2026-014,,complete,complete,public,2026-11-25T14:00:00+02:00,active
ZW-SMP-2026-100,CE-2026-100,ZW-SRC-003,Zvishavane,Midlands,Gokwe,W04,,communal,-17.92,28.73,5000,1,1700,bark,,Mundari,sn,Gardenia volkensii,herbarium_confirmed,HERB-ZW-2026-0100,2026-11-01,wet,6.2,24.5,15.0,50,COL-003,silica_gel,25,MOBILE-LEC-01,COC-2026-0100,ZW-TK-2026-050,FPIC-ZW-2026-C050,NBA-ZW-2026-014,,complete,complete,public,2026-11-01T14:00:00+02:00,active
ZW-SMP-2026-101,CE-2026-101,ZW-SRC-003,Zvishavane,Midlands,Gokwe,W04,,communal,-17.92,28.73,5000,1,1705,plant_tissue,,Tsangamidzi,sn,Siphonochilus aethiopicus,herbarium_confirmed,HERB-ZW-2026-0101,2026-11-02,dry,6.2,24.5,15.0,50,COL-003,silica_gel,25,MOBILE-LEC-01,COC-2026-0101,ZW-TK-2026-001,FPIC-ZW-2026-C001,NBA-ZW-2026-014,,complete,complete,public,2026-11-02T14:00:00+02:00,active
ZW-SMP-2026-102,CE-2026-102,ZW-SRC-003,Zvishavane,Midlands,Gokwe,W04,,communal,-17.91,28.73,5000,1,1710,soil,10,,,,,,2026-11-03,wet,6.2,24.5,15.0,50,COL-003,flash_frozen,25,MOBILE-LEC-01,COC-2026-0102,ZW-TK-2026-002,FPIC-ZW-2026-C002,NBA-ZW-2026-014,,complete,complete,public,2026-11-03T14:00:00+02:00,active
ZW-SMP-2026-103,CE-2026-103,ZW-SRC-003,Zvishavane,Midlands,Gokwe,W04,,communal,-17.91,28.72,5000,1,1715,bark,,Tsangamidzi Yemukati,sn,Zingiber officinale,herbarium_confirmed,HERB-ZW-2026-0103,2026-11-04,dry,6.2,24.5,15.0,50,COL-003,silica_gel,25,MOBILE-LEC-01,COC-2026-0103,ZW-TK-2026-003,FPIC-ZW-2026-C003,NBA-ZW-2026-014,,complete,complete,public,2026-11-04T14:00:00+02:00,active
ZW-SMP-2026-104,CE-2026-104,ZW-SRC-003,Zvishavane,Midlands,Gokwe,W04,,communal,-17.91,28.72,5000,1,1720,plant_tissue,,Muranga,sn,Warburgia salutaris,herbarium_confirmed,HERB-ZW-2026-0104,2026-11-05,wet,6.2,24.5,15.0,50,COL-003,silica_gel,25,MOBILE-LEC-01,COC-2026-0104,ZW-TK-2026-004,FPIC-ZW-2026-C004,NBA-ZW-2026-014,,complete,complete,public,2026-11-05T14:00:00+02:00,active
ZW-SMP-2026-105,CE-2026-105,ZW-SRC-003,Zvishavane,Midlands,Gokwe,W04,,communal,-17.9,28.72,5000,1,1725,soil,10,,,,,,2026-11-06,dry,6.2,24.5,15.0,50,COL-003,flash_frozen,25,MOBILE-LEC-01,COC-2026-0105,ZW-TK-2026-005,FPIC-ZW-2026-C005,NBA-ZW-2026-014,,complete,complete,public,2026-11-06T14:00:00+02:00,active
ZW-SMP-2026-106,CE-2026-106,ZW-SRC-007,Other,Matabeleland South,Matobo,W06,Holder-directed bushland site in Matobo communal ward W06,communal,-20.55,28.52,5000,1,1730,bark,,Mubvamaropa,sn,Pterocarpus angolensis,herbarium_confirmed,HERB-ZW-2026-0106,2026-10-07,wet,6.2,24.5,15.0,50,COL-003,silica_gel,25,MOBILE-LEC-01,COC-2026-0106,ZW-TK-2026-006,FPIC-ZW-2026-C006,NBA-ZW-2026-014,,complete,complete,public,2026-10-07T14:00:00+02:00,redacted
ZW-SMP-2026-107,CE-2026-107,ZW-SRC-007,Other,Matabeleland North,Binga,W02,Holder-directed bushland site in Binga communal ward W02,communal,-17.62,27.34,5000,1,1735,plant_tissue,,Yacinthi Yemumvura,sn,Eichhornia crassipes,herbarium_confirmed,HERB-ZW-2026-0107,2026-10-08,dry,6.2,24.5,15.0,50,COL-003,silica_gel,25,MOBILE-LEC-01,COC-2026-0107,ZW-TK-2026-007,FPIC-ZW-2026-C007,NBA-ZW-2026-014,,complete,complete,public,2026-10-08T14:00:00+02:00,active
ZW-SMP-2026-108,CE-2026-108,ZW-SRC-007,Other,Matabeleland South,Matobo,W06,Holder-directed bushland site in Matobo communal ward W06,communal,-20.55,28.52,5000,1,1740,soil,10,,,,,,2026-10-09,wet,6.2,24.5,15.0,50,COL-003,flash_frozen,25,MOBILE-LEC-01,COC-2026-0108,ZW-TK-2026-008,FPIC-ZW-2026-C008,NBA-ZW-2026-014,,complete,complete,public,2026-10-09T14:00:00+02:00,active
ZW-SMP-2026-109,CE-2026-109,ZW-SRC-007,Other,Matabeleland North,Binga,W02,Holder-directed bushland site in Binga communal ward W02,communal,-17.62,27.34,5000,1,1745,bark,,Mukamba,sn,Afzelia quanzensis,herbarium_confirmed,HERB-ZW-2026-0109,2026-10-10,dry,6.2,24.5,15.0,50,COL-003,silica_gel,25,MOBILE-LEC-01,COC-2026-0109,ZW-TK-2026-009,FPIC-ZW-2026-C009,NBA-ZW-2026-014,,complete,complete,public,2026-10-10T14:00:00+02:00,active
ZW-SMP-2026-110,CE-2026-110,ZW-SRC-007,Other,Matabeleland South,Matobo,W06,Holder-directed bushland site in Matobo communal ward W06,communal,-20.55,28.52,5000,1,1750,plant_tissue,,Umnyii,nd,Berchemia discolor,herbarium_confirmed,HERB-ZW-2026-0110,2026-10-11,wet,6.2,24.5,15.0,50,COL-003,silica_gel,25,MOBILE-LEC-01,COC-2026-0110,ZW-TK-2026-010,FPIC-ZW-2026-C010,NBA-ZW-2026-014,,complete,complete,public,2026-10-11T14:00:00+02:00,active
ZW-SMP-2026-111,CE-2026-111,ZW-SRC-007,Other,Matabeleland North,Binga,W02,Holder-directed bushland site in Binga communal ward W02,communal,-17.62,27.34,5000,1,1755,soil,10,,,,,,2026-10-12,dry,6.2,24.5,15.0,50,COL-003,flash_frozen,25,MOBILE-LEC-01,COC-2026-0111,ZW-TK-2026-011,FPIC-ZW-2026-C011,NBA-ZW-2026-014,,complete,complete,public,2026-10-12T14:00:00+02:00,active
ZW-SMP-2026-112,CE-2026-112,ZW-SRC-007,Other,Matabeleland South,Matobo,W06,Holder-directed bushland site in Matobo communal ward W06,communal,-20.55,28.52,5000,1,1760,bark,,Munhondo,sn,Julbernardia globiflora,herbarium_confirmed,HERB-ZW-2026-0112,2026-10-13,wet,6.2,24.5,15.0,50,COL-003,silica_gel,25,MOBILE-LEC-01,COC-2026-0112,ZW-TK-2026-012,FPIC-ZW-2026-C012,NBA-ZW-2026-014,,complete,complete,public,2026-10-13T14:00:00+02:00,active
ZW-SMP-2026-113,CE-2026-113,ZW-SRC-007,Other,Matabeleland North,Binga,W02,Holder-directed bushland site in Binga communal ward W02,communal,-17.62,27.34,5000,1,1765,plant_tissue,,Mupangara,sn,Dichrostachys cinerea,herbarium_confirmed,HERB-ZW-2026-0113,2026-10-14,dry,6.2,24.5,15.0,50,COL-003,silica_gel,25,MOBILE-LEC-01,COC-2026-0113,ZW-TK-2026-013,FPIC-ZW-2026-C013,NBA-ZW-2026-014,,complete,complete,public,2026-10-14T14:00:00+02:00,active
ZW-SMP-2026-114,CE-2026-114,ZW-SRC-007,Other,Matabeleland South,Matobo,W06,Holder-directed bushland site in Matobo communal ward W06,communal,-20.55,28.52,5000,1,1770,soil,10,,,,,,2026-10-15,wet,6.2,24.5,15.0,50,COL-003,flash_frozen,25,MOBILE-LEC-01,COC-2026-0114,ZW-TK-2026-014,FPIC-ZW-2026-C014,NBA-ZW-2026-014,,complete,complete,public,2026-10-15T14:00:00+02:00,active
ZW-SMP-2026-115,CE-2026-115,ZW-SRC-007,Other,Matabeleland North,Binga,W02,Holder-directed bushland site in Binga communal ward W02,communal,-17.62,27.34,5000,1,1775,bark,,Umkhwenkwe,nd,Pittosporum viridiflorum,herbarium_confirmed,HERB-ZW-2026-0115,2026-10-16,dry,6.2,24.5,15.0,50,COL-003,silica_gel,25,MOBILE-LEC-01,COC-2026-0115,ZW-TK-2026-015,FPIC-ZW-2026-C015,NBA-ZW-2026-014,,complete,complete,public,2026-10-16T14:00:00+02:00,active
ZW-SMP-2026-116,CE-2026-116,ZW-SRC-007,Other,Matabeleland South,Matobo,W06,Holder-directed bushland site in Matobo communal ward W06,communal,-20.55,28.52,5000,1,1780,plant_tissue,,Muunga,sn,Vachellia karroo,herbarium_confirmed,HERB-ZW-2026-0116,2026-10-17,wet,6.2,24.5,15.0,50,COL-003,silica_gel,25,MOBILE-LEC-01,COC-2026-0116,ZW-TK-2026-016,FPIC-ZW-2026-C016,NBA-ZW-2026-014,,complete,complete,public,2026-10-17T14:00:00+02:00,active
ZW-SMP-2026-117,CE-2026-117,ZW-SRC-007,Other,Matabeleland North,Binga,W02,Holder-directed bushland site in Binga communal ward W02,communal,-17.62,27.34,5000,1,1785,soil,10,,,,,,2026-10-18,dry,6.2,24.5,15.0,50,COL-003,flash_frozen,25,MOBILE-LEC-01,COC-2026-0117,ZW-TK-2026-017,FPIC-ZW-2026-C017,NBA-ZW-2026-014,,complete,complete,public,2026-10-18T14:00:00+02:00,active
ZW-SMP-2026-118,CE-2026-118,ZW-SRC-007,Other,Matabeleland South,Matobo,W06,Holder-directed bushland site in Matobo communal ward W06,communal,-20.55,28.52,5000,1,1790,bark,,Mubvumira,sn,Kirkia acuminata,herbarium_confirmed,HERB-ZW-2026-0118,2026-10-19,wet,6.2,24.5,15.0,50,COL-003,silica_gel,25,MOBILE-LEC-01,COC-2026-0118,ZW-TK-2026-018,FPIC-ZW-2026-C018,NBA-ZW-2026-014,,complete,complete,public,2026-10-19T14:00:00+02:00,active
ZW-SMP-2026-119,CE-2026-119,ZW-SRC-007,Other,Matabeleland North,Binga,W02,Holder-directed bushland site in Binga communal ward W02,communal,-17.62,27.34,5000,1,1795,plant_tissue,,Umgampondo,nd,Bauhinia thonningii,herbarium_confirmed,HERB-ZW-2026-0119,2026-10-20,dry,6.2,24.5,15.0,50,COL-003,silica_gel,25,MOBILE-LEC-01,COC-2026-0119,ZW-TK-2026-019,FPIC-ZW-2026-C019,NBA-ZW-2026-014,,complete,complete,public,2026-10-20T14:00:00+02:00,active
ZW-SMP-2026-120,CE-2026-120,ZW-SRC-007,Other,Matabeleland South,Matobo,W06,Holder-directed bushland site in Matobo communal ward W06,communal,-20.55,28.52,5000,1,1800,soil,10,,,,,,2026-10-21,wet,6.2,24.5,15.0,50,COL-003,flash_frozen,25,MOBILE-LEC-01,COC-2026-0120,ZW-TK-2026-020,FPIC-ZW-2026-C020,NBA-ZW-2026-014,,complete,complete,public,2026-10-21T14:00:00+02:00,active
