field_name,display_name,description,data_type,required,allowed_values,unit,example,missing_value_rule,sensitivity,validation_rule,source,table,primary_key,ai_relevance
sample_id,Sample id,Stable unique identifier for one physical collection event. Format ZW-SMP-YYYY-NNN. Never reissued.,string,Yes,,,ZW-SMP-2026-001,Not permitted. A missing value fails validation and the record is not admitted.,public,"Primary key. Unique, no nulls.",Stream D — field collection event (ZW-SRC-001/002/003),environmental_samples,Yes,Join key across all four streams. This field is what makes the dataset multi-modal rather than four datasets.
collection_event_id,Collection event id,Groups samples taken on the same trip to the same site.,string,Yes,,,CE-EH-2026-014,Not permitted. A missing value fails validation and the record is not admitted.,public,Required; null rejected on insert.,Stream D — field collection event (ZW-SRC-001/002/003),environmental_samples,,Blocking variable. Samples from one event are not independent and must not be split across train and test.
source_id,Source id,Foreign key to governance/source_register.csv.,string,Yes,,,ZW-SRC-001,Not permitted. A missing value fails validation and the record is not admitted.,public,Required; null rejected on insert.,Stream D — field collection event (ZW-SRC-001/002/003),environmental_samples,,Traces every record to a documented source with a stated permission status and known limitations.
ecozone,Ecozone,"Sampling stratum, or 'Other' for a site the sampling frame never named. Only the three named strata carry a quota.",category,Yes,Eastern Highlands | Mazowe | Zvishavane | Other,,Eastern Highlands,Not permitted. A missing value fails validation and the record is not admitted.,public,Required; null rejected on insert. Must be one of: Eastern Highlands | Mazowe | Zvishavane | Other. 'Other' additionally requires locality_description (rule D5).,Stream D — field collection event (ZW-SRC-001/002/003/007),environmental_samples,,Stratification label; supports ecozone-held-out evaluation. Rows marked 'Other' are outside the stratified design and should be excluded from any representativeness claim.
province,Province,Administrative province.,string,Yes,,,Manicaland,Not permitted. A missing value fails validation and the record is not admitted.,public,Required; null rejected on insert.,Stream D — field collection event (ZW-SRC-001/002/003),environmental_samples,,Geographic covariate and bias-monitoring dimension.
district,District,Administrative district.,string,Yes,,,Chimanimani,Not permitted. A missing value fails validation and the record is not admitted.,public,Required; null rejected on insert.,Stream D — field collection event (ZW-SRC-001/002/003),environmental_samples,,Geographic covariate; the unit of community-level attribution.
ward,Ward,Ward. Finest geographic unit released publicly.,string,No,,,W12,"Empty string in CSV, null in JSON. Indicates not applicable or not yet determined; never a zero.",public,Free text; no constraint beyond type.,Stream D — field collection event (ZW-SRC-001/002/003),environmental_samples,,Coarsest safe spatial feature.
locality_description,Locality description,"Free-text description of the collection spot, written by the collector at the site. Carries the location detail that no controlled vocabulary holds for an out-of-frame site.",string,Only when ecozone = 'Other',,,Roadside woodland strip approx. 2 km west of the Devure crossing,"Empty string in CSV, null in JSON, permitted for the three named ecozones. Refused by the database when ecozone = 'Other'.",public,CHECK (ecozone <> 'Other' OR (locality_description IS NOT NULL AND locality_description <> '')) — rule D5.,Stream D — field collection event (ZW-SRC-001/002/003/007),environmental_samples,,"Not a model feature. It is what makes an out-of-frame site findable again for a resample, which is the only thing that makes such a record reproducible."
land_tenure,Land tenure,"Tenure class of the site, which determines which permission applies.",category,Yes,communal | resettlement | private | state_protected,,communal,Not permitted. A missing value fails validation and the record is not admitted.,public,Required; null rejected on insert. Must be one of: communal | resettlement | private | state_protected.,Stream D — field collection event (ZW-SRC-001/002/003),environmental_samples,,"Not a model feature. Records whether the sample came from communal or protected land, which the bias register requires disclosing."
gps_latitude,Gps latitude,Latitude. Field capture is at four or more decimal places; public release carries the ward centroid with location_masked set.,float,Yes,-22.5 to -15.5,decimal degrees (WGS 84),-19.8,Not permitted. A missing value fails validation and the record is not admitted.,internal,Required; null rejected on insert. Must fall between -22.5 and -15.5.,Stream D — field collection event (ZW-SRC-001/002/003),environmental_samples,,Deliberately degraded in public release. Models must not be able to relocate a harvest site.
gps_longitude,Gps longitude,Longitude. Same masking rule as latitude.,float,Yes,25.0 to 33.1,decimal degrees (WGS 84),32.86,Not permitted. A missing value fails validation and the record is not admitted.,internal,Required; null rejected on insert. Must fall between 25.0 and 33.1.,Stream D — field collection event (ZW-SRC-001/002/003),environmental_samples,,Deliberately degraded in public release.
gps_precision_m,Gps precision m,Radius of positional uncertainty in metres. 5000 indicates ward-centroid masking; 5 indicates raw field GPS.,integer,Yes,,metres,5000,Not permitted. A missing value fails validation and the record is not admitted.,public,Required; null rejected on insert.,Stream D — field collection event (ZW-SRC-001/002/003),environmental_samples,,"States how much spatial signal is actually present, so a downstream user does not over-trust the coordinates."
location_masked,Location masked,Whether the coordinates in this record have been blurred for release.,boolean,Yes,0 | 1,,1,Not permitted. A missing value fails validation and the record is not admitted.,public,Required; null rejected on insert.,Stream D — field collection event (ZW-SRC-001/002/003),environmental_samples,,Release-control flag; a masked record cannot claim field precision.
altitude_m,Altitude m,Metres above sea level.,integer,No,0 to 2600,metres,1420,"Empty string in CSV, null in JSON. Indicates not applicable or not yet determined; never a zero.",public,Must fall between 0 and 2600.,Stream D — field collection event (ZW-SRC-001/002/003),environmental_samples,,Strong predictor of secondary-metabolite profile in montane taxa.
sample_type,Sample type,Nature of the material collected.,category,Yes,soil | plant_tissue | fungus | water | bark | root | venom,,bark,Not permitted. A missing value fails validation and the record is not admitted.,public,Required; null rejected on insert. Must be one of: soil | plant_tissue | fungus | water | bark | root | venom.,Stream D — field collection event (ZW-SRC-001/002/003),environmental_samples,,Primary routing label for downstream processing.
collection_depth_cm,Collection depth cm,Depth below surface. Required when sample_type is soil.,integer,No,0 to 100,cm,10,"Empty string in CSV, null in JSON. Indicates not applicable or not yet determined; never a zero.",public,Must fall between 0 and 100. Required when sample_type = 'soil'.,Stream D — field collection event (ZW-SRC-001/002/003),environmental_samples,,Soil microbial community composition is strongly depth-stratified; without it soil records are not comparable.
local_name,Local name,Vernacular name as given in the field.,string,No,,,Muranga,"Empty string in CSV, null in JSON. Indicates not applicable or not yet determined; never a zero.",public,Free text; no constraint beyond type.,Stream D — field collection event (ZW-SRC-001/002/003),environmental_samples,,Bridges heritage records to Linnaean taxonomy; an entity-linking target.
local_name_language,Local name language,ISO 639-1 tag for the vernacular name.,category,No,sn | nd | en,,sn,"Empty string in CSV, null in JSON. Indicates not applicable or not yet determined; never a zero.",public,Must be one of: sn | nd | en.,Stream D — field collection event (ZW-SRC-001/002/003),environmental_samples,,Routes text to the correct tokenizer.
scientific_name,Scientific name,Binomial where determined. Null is valid for soil and microbial samples.,string,No,,,Warburgia salutaris,"Empty string in CSV, null in JSON. Indicates not applicable or not yet determined; never a zero.",public,Free text; no constraint beyond type.,Stream D — field collection event (ZW-SRC-001/002/003),environmental_samples,,Label for taxonomic classification tasks.
taxon_confidence,Taxon confidence,How the identification was established.,category,No,field_tentative | herbarium_confirmed | sequence_confirmed,,herbarium_confirmed,"Empty string in CSV, null in JSON. Indicates not applicable or not yet determined; never a zero.",public,Must be one of: field_tentative | herbarium_confirmed | sequence_confirmed.,Stream D — field collection event (ZW-SRC-001/002/003),environmental_samples,,Label-noise indicator. Field-tentative records must be down-weighted.
voucher_specimen_ref,Voucher specimen ref,National Herbarium accession where a voucher was lodged.,string,No,,,HERB-ZW-2026-0101,"Empty string in CSV, null in JSON. Indicates not applicable or not yet determined; never a zero.",public,Free text; no constraint beyond type.,Stream D — field collection event (ZW-SRC-001/002/003),environmental_samples,,External route to re-verify any identification independently.
collection_date,Collection date,Date of collection.,date,Yes,,,2026-09-14,Not permitted. A missing value fails validation and the record is not admitted.,public,Required; null rejected on insert. ISO 8601.,Stream D — field collection event (ZW-SRC-001/002/003),environmental_samples,,Temporal split variable.
season,Season,"Dry or wet, per the collection date.",category,Yes,dry | wet,,dry,Not permitted. A missing value fails validation and the record is not admitted.,public,Required; null rejected on insert. Must be one of: dry | wet.,Stream D — field collection event (ZW-SRC-001/002/003),environmental_samples,,Chemistry differs between seasons. A single-season dataset silently confounds season with site.
soil_ph,Soil ph,Field-measured soil pH.,float,No,0 to 14,pH units,5.8,"Empty string in CSV, null in JSON. Indicates not applicable or not yet determined; never a zero.",public,Must fall between 0 and 14.,Stream D — field collection event (ZW-SRC-001/002/003),environmental_samples,,Environmental covariate for microbial community composition.
temperature_celsius,Temperature celsius,Ambient temperature at collection.,float,No,,degrees Celsius,21.4,"Empty string in CSV, null in JSON. Indicates not applicable or not yet determined; never a zero.",public,Free text; no constraint beyond type.,Stream D — field collection event (ZW-SRC-001/002/003),environmental_samples,,Covariate; central to the thermophile hypothesis in the lowveld stratum.
rainfall_prior_30d_mm,Rainfall prior 30d mm,Cumulative rainfall over the 30 days before collection.,float,No,,mm,12.0,"Empty string in CSV, null in JSON. Indicates not applicable or not yet determined; never a zero.",public,Free text; no constraint beyond type.,Stream D — field collection event (ZW-SRC-001/002/003),environmental_samples,,Explains within-season variance that the season tag alone misses.
canopy_cover_pct,Canopy cover pct,Estimated canopy cover above the collection point.,integer,No,0 to 100,percent,65,"Empty string in CSV, null in JSON. Indicates not applicable or not yet determined; never a zero.",public,Must fall between 0 and 100.,Stream D — field collection event (ZW-SRC-001/002/003),environmental_samples,,Light-regime covariate.
collector_id,Collector id,Pseudonymous identifier of the field collector.,string,Yes,,,COL-003,Not permitted. A missing value fails validation and the record is not admitted.,internal,Required; null rejected on insert.,Stream D — field collection event (ZW-SRC-001/002/003),environmental_samples,,Enables detection of collector-specific systematic bias.
preservation_method,Preservation method,How the sample was stabilised.,category,Yes,rnalater | silica_gel | flash_frozen | ethanol_70 | air_dried,,silica_gel,Not permitted. A missing value fails validation and the record is not admitted.,public,Required; null rejected on insert. Must be one of: rnalater | silica_gel | flash_frozen | ethanol_70 | air_dried.,Stream D — field collection event (ZW-SRC-001/002/003),environmental_samples,,"Batch-effect variable that must be modelled, not ignored."
minutes_to_preservation,Minutes to preservation,Elapsed minutes from collection to stabilisation.,integer,Yes,,minutes,41,Not permitted. A missing value fails validation and the record is not admitted.,public,Required; null rejected on insert.,Stream D — field collection event (ZW-SRC-001/002/003),environmental_samples,,"The operational metric the mobile laboratory exists to hold down, and a degradation covariate for metabolomics."
processing_lab,Processing lab,Facility that processed the sample. MOBILE-LEC-01 denotes the field unit.,string,Yes,,,MOBILE-LEC-01,Not permitted. A missing value fails validation and the record is not admitted.,public,Required; null rejected on insert.,Stream D — field collection event (ZW-SRC-001/002/003),environmental_samples,,Batch-effect variable.
chain_of_custody_ref,Chain of custody ref,Custody document for this physical sample.,string,Yes,,,COC-2026-0141,Not permitted. A missing value fails validation and the record is not admitted.,internal,Required; null rejected on insert.,Stream D — field collection event (ZW-SRC-001/002/003),environmental_samples,,Not a model feature. Audit trail.
heritage_use_ref,Heritage use ref,Foreign key to the heritage record that directed this collection. Null means the sample was chosen on ecological criteria alone.,string,No,,,ZW-TK-2026-001,"Empty string in CSV, null in JSON. Indicates not applicable or not yet determined; never a zero.",public,Foreign key to heritage_knowledge.tk_id; must resolve.,Stream D — field collection event (ZW-SRC-001/002/003),environmental_samples,,"The provenance link, and the flag separating knowledge-targeted from random sampling in any test of whether targeting works."
consent_reference,Consent reference,Consent document under which knowledge-led collection proceeded. Required whenever heritage_use_ref is present.,string,No,,,FPIC-ZW-2026-C001,"Empty string in CSV, null in JSON. Indicates not applicable or not yet determined; never a zero.",confidential,Required when heritage_use_ref is present (consent gate).,Stream D — field collection event (ZW-SRC-001/002/003),environmental_samples,,Not a model feature. Enforced by constraint.
nba_permit_ref,Nba permit ref,National Biotechnology Authority bioprospecting permit reference.,string,No,,,NBA-ZW-2026-014,"Empty string in CSV, null in JSON. Indicates not applicable or not yet determined; never a zero.",internal,Required before sequencing_status or lc_ms_status may be 'complete'.,Stream D — field collection event (ZW-SRC-001/002/003),environmental_samples,,Not a model feature. Processing cannot be marked complete without it.
access_permit_ref,Access permit ref,Protected-area access clearance. Required on state protected land.,string,No,,,,"Empty string in CSV, null in JSON. Indicates not applicable or not yet determined; never a zero.",internal,Free text; no constraint beyond type.,Stream D — field collection event (ZW-SRC-001/002/003),environmental_samples,,Not a model feature. Enforced by constraint.
sequencing_status,Sequencing status,Progress of Stream A processing for this sample.,category,Yes,pending | in_progress | complete | failed,,complete,Not permitted. A missing value fails validation and the record is not admitted.,public,Required; null rejected on insert. Must be one of: pending | in_progress | complete | failed.,Stream D — field collection event (ZW-SRC-001/002/003),environmental_samples,,Pipeline state; filters incomplete records out of a training set.
lc_ms_status,Lc ms status,Progress of Stream B processing for this sample.,category,Yes,pending | in_progress | complete | failed | not_applicable,,complete,Not permitted. A missing value fails validation and the record is not admitted.,public,Required; null rejected on insert. Must be one of: pending | in_progress | complete | failed | not_applicable.,Stream D — field collection event (ZW-SRC-001/002/003),environmental_samples,,Pipeline state.
data_sensitivity,Data sensitivity,Release classification for this record.,category,Yes,public | internal | confidential | sensitive | anonymized,,public,Not permitted. A missing value fails validation and the record is not admitted.,public,Required; null rejected on insert. Must be one of: public | internal | confidential | sensitive | anonymized.,Stream D — field collection event (ZW-SRC-001/002/003),environmental_samples,,Determines the access tier the row appears in.
created_at,Created at,Ingest timestamp.,datetime,Yes,,,2026-09-14T15:20:00+02:00,Not permitted. A missing value fails validation and the record is not admitted.,public,Required; null rejected on insert. ISO 8601.,Stream D — field collection event (ZW-SRC-001/002/003),environmental_samples,,Provenance.
record_status,Record status,Lifecycle state. Redacted records are excluded from every release.,category,Yes,active | superseded | redacted,,active,Not permitted. A missing value fails validation and the record is not admitted.,public,Required; null rejected on insert. Must be one of: active | superseded | redacted.,Stream D — field collection event (ZW-SRC-001/002/003),environmental_samples,,Filter applied before any training set is assembled.
sequence_id,Sequence id,Stable unique identifier for one sequencing run product. Format ZW-SEQ-YYYY-NNN.,string,Yes,,,ZW-SEQ-2026-001,Not permitted. A missing value fails validation and the record is not admitted.,public,"Primary key. Unique, no nulls.",Stream A — MinION field sequencing and Illumina at SIRDC,genomic_sequences,Yes,Record key.
sample_id,Sample id,Foreign key to the physical sample.,string,Yes,,,ZW-SMP-2026-002,Not permitted. A missing value fails validation and the record is not admitted.,public,Foreign key to environmental_samples.sample_id; must resolve. Required; null rejected on insert.,Stream A — MinION field sequencing and Illumina at SIRDC,genomic_sequences,,The join that makes genomics comparable with chemistry.
platform,Platform,Sequencing instrument class.,category,Yes,ont_minion | ont_gridion | illumina_miseq | illumina_nextseq,,ont_minion,Not permitted. A missing value fails validation and the record is not admitted.,public,Required; null rejected on insert. Must be one of: ont_minion | ont_gridion | illumina_miseq | illumina_nextseq.,Stream A — MinION field sequencing and Illumina at SIRDC,genomic_sequences,,Major batch effect. Nanopore and Illumina error profiles are not interchangeable.
library_prep_kit,Library prep kit,Library preparation chemistry.,string,No,,,SQK-RBK114-24,"Empty string in CSV, null in JSON. Indicates not applicable or not yet determined; never a zero.",public,Free text; no constraint beyond type.,Stream A — MinION field sequencing and Illumina at SIRDC,genomic_sequences,,Batch-effect variable.
flowcell_id,Flowcell id,Physical flowcell identifier.,string,No,,,FAX12345,"Empty string in CSV, null in JSON. Indicates not applicable or not yet determined; never a zero.",public,Free text; no constraint beyond type.,Stream A — MinION field sequencing and Illumina at SIRDC,genomic_sequences,,Enables per-flowcell artefact detection.
basecalling_model,Basecalling model,Exact basecaller and model version.,string,No,,,dna_r10.4.1_e8.2_400bps_sup,"Empty string in CSV, null in JSON. Indicates not applicable or not yet determined; never a zero.",public,Free text; no constraint beyond type.,Stream A — MinION field sequencing and Illumina at SIRDC,genomic_sequences,,Reproducibility-critical. The same raw signal yields different reads under different models.
run_date,Run date,Date the sequencing run started.,date,Yes,,,2026-09-15,Not permitted. A missing value fails validation and the record is not admitted.,public,Required; null rejected on insert. ISO 8601.,Stream A — MinION field sequencing and Illumina at SIRDC,genomic_sequences,,Temporal covariate.
sequencing_lab,Sequencing lab,Facility or mobile unit that performed the run.,string,Yes,,,MOBILE-LEC-01,Not permitted. A missing value fails validation and the record is not admitted.,public,Required; null rejected on insert.,Stream A — MinION field sequencing and Illumina at SIRDC,genomic_sequences,,Batch-effect variable.
target_region,Target region,Amplicon target or shotgun designation.,category,Yes,16s_rrna | its | rbcl | matk | shotgun_metagenome | whole_genome,,16s_rrna,Not permitted. A missing value fails validation and the record is not admitted.,public,Required; null rejected on insert. Must be one of: 16s_rrna | its | rbcl | matk | shotgun_metagenome | whole_genome.,Stream A — MinION field sequencing and Illumina at SIRDC,genomic_sequences,,Determines which tokenization applies. Marker genes and metagenomes are not modelled the same way.
read_count,Read count,Reads passing filter.,integer,No,,reads,148230,"Empty string in CSV, null in JSON. Indicates not applicable or not yet determined; never a zero.",public,Free text; no constraint beyond type.,Stream A — MinION field sequencing and Illumina at SIRDC,genomic_sequences,,Depth covariate; drives rarefaction decisions.
total_bases,Total bases,Total bases passing filter.,integer,No,,bases,214500000,"Empty string in CSV, null in JSON. Indicates not applicable or not yet determined; never a zero.",public,Free text; no constraint beyond type.,Stream A — MinION field sequencing and Illumina at SIRDC,genomic_sequences,,Depth covariate.
mean_read_length_bp,Mean read length bp,Mean read length.,integer,No,,base pairs,1447,"Empty string in CSV, null in JSON. Indicates not applicable or not yet determined; never a zero.",public,Free text; no constraint beyond type.,Stream A — MinION field sequencing and Illumina at SIRDC,genomic_sequences,,Quality covariate.
read_n50_bp,Read n50 bp,Read length N50.,integer,No,,base pairs,1610,"Empty string in CSV, null in JSON. Indicates not applicable or not yet determined; never a zero.",public,Free text; no constraint beyond type.,Stream A — MinION field sequencing and Illumina at SIRDC,genomic_sequences,,Long-read quality metric.
mean_q_score,Mean q score,Mean Phred quality across reads.,float,No,0 to 60,Phred score,14.2,"Empty string in CSV, null in JSON. Indicates not applicable or not yet determined; never a zero.",public,Must fall between 0 and 60.,Stream A — MinION field sequencing and Illumina at SIRDC,genomic_sequences,,Below Q10 the validator warns and downstream assignments are provisional.
assembly_method,Assembly method,Assembler and version where assembly was performed.,string,No,,,flye,"Empty string in CSV, null in JSON. Indicates not applicable or not yet determined; never a zero.",public,Free text; no constraint beyond type.,Stream A — MinION field sequencing and Illumina at SIRDC,genomic_sequences,,Reproducibility.
assembly_n50_bp,Assembly n50 bp,Assembly contiguity.,integer,No,,base pairs,42150,"Empty string in CSV, null in JSON. Indicates not applicable or not yet determined; never a zero.",public,Free text; no constraint beyond type.,Stream A — MinION field sequencing and Illumina at SIRDC,genomic_sequences,,Quality covariate.
contig_count,Contig count,Number of contigs produced.,integer,No,,contigs,318,"Empty string in CSV, null in JSON. Indicates not applicable or not yet determined; never a zero.",public,Free text; no constraint beyond type.,Stream A — MinION field sequencing and Illumina at SIRDC,genomic_sequences,,Quality covariate.
taxonomic_assignment,Taxonomic assignment,Best taxonomic call for the sequence.,string,No,,,Streptomyces sp.,"Empty string in CSV, null in JSON. Indicates not applicable or not yet determined; never a zero.",public,Free text; no constraint beyond type.,Stream A — MinION field sequencing and Illumina at SIRDC,genomic_sequences,,Classification label.
assignment_method,Assignment method,Classifier and reference database version.,string,No,,,kraken2/GTDB-r214,"Empty string in CSV, null in JSON. Indicates not applicable or not yet determined; never a zero.",public,Free text; no constraint beyond type.,Stream A — MinION field sequencing and Illumina at SIRDC,genomic_sequences,,Reproducibility. A taxonomic call is meaningless without the database version behind it.
organism_novelty,Organism novelty,Novelty label against GenBank. See labels/label_taxonomy.csv LBL-01.,category,No,known | divergent | putative_novel | unassessed,,divergent,"Empty string in CSV, null in JSON. Indicates not applicable or not yet determined; never a zero.",public,Must be one of: known | divergent | putative_novel | unassessed.,Stream A — MinION field sequencing and Illumina at SIRDC,genomic_sequences,,Prioritisation label for downstream work.
best_blast_accession,Best blast accession,Closest GenBank accession.,string,No,,,NR_112345.1,"Empty string in CSV, null in JSON. Indicates not applicable or not yet determined; never a zero.",public,Free text; no constraint beyond type.,Stream A — MinION field sequencing and Illumina at SIRDC,genomic_sequences,,Novelty assessment input.
best_blast_pct_identity,Best blast pct identity,Percent identity to the closest known sequence.,float,No,0 to 100,percent,96.8,"Empty string in CSV, null in JSON. Indicates not applicable or not yet determined; never a zero.",public,Must fall between 0 and 100.,Stream A — MinION field sequencing and Illumina at SIRDC,genomic_sequences,,The novelty signal. Low identity is why a sample is prioritised for chemistry.
predicted_function,Predicted function,"Model-predicted function, recorded with the model that produced it. LBL-02.",string,No,,,polyketide synthase (predicted),"Empty string in CSV, null in JSON. Indicates not applicable or not yet determined; never a zero.",public,Free text; no constraint beyond type.,Stream A — MinION field sequencing and Illumina at SIRDC,genomic_sequences,,"A prediction about function, never a claim about activity."
disease_target_relevance,Disease target relevance,Model-estimated relevance to a declared disease target. LBL-03.,float,No,0 to 1,score 0-1,0.72,"Empty string in CSV, null in JSON. Indicates not applicable or not yet determined; never a zero.",public,Must fall between 0 and 1.,Stream A — MinION field sequencing and Illumina at SIRDC,genomic_sequences,,"A triage ranking for wet-lab prioritisation, not a prediction of efficacy."
annotation_confidence,Annotation confidence,Confidence in the annotation itself. LBL-04.,float,No,0 to 1,score 0-1,0.94,"Empty string in CSV, null in JSON. Indicates not applicable or not yet determined; never a zero.",public,Must fall between 0 and 1.,Stream A — MinION field sequencing and Illumina at SIRDC,genomic_sequences,,Weight for label noise.
bgc_count,Bgc count,Secondary metabolite gene clusters detected by antiSMASH.,integer,No,,clusters,7,"Empty string in CSV, null in JSON. Indicates not applicable or not yet determined; never a zero.",public,Free text; no constraint beyond type.,Stream A — MinION field sequencing and Illumina at SIRDC,genomic_sequences,,Direct link from genome to natural-product potential; the actinomycete hypothesis made measurable.
heritage_link,Heritage link,Denormalised tk_id of the heritage record that directed the parent sample. LBL-08.,string,No,,,ZW-TK-2026-001,"Empty string in CSV, null in JSON. Indicates not applicable or not yet determined; never a zero.",public,Free text; no constraint beyond type.,Stream A — MinION field sequencing and Illumina at SIRDC,genomic_sequences,,Lets label joins skip a three-table hop; validated against the parent sample.
file_path_fasta,File path fasta,Relative path to the sequence file within the package.,string,Yes,,,raw/zw_src_001_eastern_highlands/ZW-SEQ-2026-001.fasta,Not permitted. A missing value fails validation and the record is not admitted.,public,Required; null rejected on insert.,Stream A — MinION field sequencing and Illumina at SIRDC,genomic_sequences,,Locates the underlying array data.
file_checksum_sha256,File checksum sha256,SHA-256 of the referenced file.,string,Yes,,,334132c6d14c8a770a94ae463254eaa8e223aa585567ba4d7430a16d2c46,Not permitted. A missing value fails validation and the record is not admitted.,public,Required; null rejected on insert. Exactly 64 lowercase hex characters.,Stream A — MinION field sequencing and Illumina at SIRDC,genomic_sequences,,Integrity. A model trained on a corrupted file is unreproducible and unfalsifiable.
file_size_bytes,File size bytes,Size of the referenced file.,integer,No,,bytes,1842005112,"Empty string in CSV, null in JSON. Indicates not applicable or not yet determined; never a zero.",public,Free text; no constraint beyond type.,Stream A — MinION field sequencing and Illumina at SIRDC,genomic_sequences,,Integrity.
data_sensitivity,Data sensitivity,Release classification for this record.,category,Yes,public | internal | confidential | sensitive | anonymized,,public,Not permitted. A missing value fails validation and the record is not admitted.,public,Required; null rejected on insert. Must be one of: public | internal | confidential | sensitive | anonymized.,Stream A — MinION field sequencing and Illumina at SIRDC,genomic_sequences,,Access-tier control.
qc_status,Qc status,Outcome of the validation battery for this record.,category,Yes,pending | pass | warning | fail,,pass,Not permitted. A missing value fails validation and the record is not admitted.,public,Required; null rejected on insert. Must be one of: pending | pass | warning | fail.,Stream A — MinION field sequencing and Illumina at SIRDC,genomic_sequences,,Filter applied before training-set assembly.
created_at,Created at,Ingest timestamp.,datetime,Yes,,,2026-09-16T06:00:00+02:00,Not permitted. A missing value fails validation and the record is not admitted.,public,Required; null rejected on insert. ISO 8601.,Stream A — MinION field sequencing and Illumina at SIRDC,genomic_sequences,,Provenance.
metabolite_id,Metabolite id,Stable unique identifier for one detected LC-MS feature. Format ZW-MET-YYYY-NNN.,string,Yes,,,ZW-MET-2026-001,Not permitted. A missing value fails validation and the record is not admitted.,public,"Primary key. Unique, no nulls.",Stream B — LC-MS at SIRDC (ZW-SRC-006),metabolomic_profiles,Yes,Record key.
sample_id,Sample id,Foreign key to the physical sample.,string,Yes,,,ZW-SMP-2026-001,Not permitted. A missing value fails validation and the record is not admitted.,public,Foreign key to environmental_samples.sample_id; must resolve. Required; null rejected on insert.,Stream B — LC-MS at SIRDC (ZW-SRC-006),metabolomic_profiles,,The join to genomics and to heritage knowledge.
extract_id,Extract id,Identifier of the extract in which the feature was detected.,string,Yes,,,EXT-0141,Not permitted. A missing value fails validation and the record is not admitted.,public,Required; null rejected on insert.,Stream B — LC-MS at SIRDC (ZW-SRC-006),metabolomic_profiles,,Groups features from one extraction.
extraction_solvent,Extraction solvent,Solvent system used.,string,Yes,,,MeOH:H2O 80:20,Not permitted. A missing value fails validation and the record is not admitted.,public,Required; null rejected on insert.,Stream B — LC-MS at SIRDC (ZW-SRC-006),metabolomic_profiles,,Bounds which chemical space was observable. A polar solvent cannot report a non-polar absence.
extraction_date,Extraction date,Date of extraction.,date,Yes,,,2026-09-15,Not permitted. A missing value fails validation and the record is not admitted.,public,Required; null rejected on insert. ISO 8601.,Stream B — LC-MS at SIRDC (ZW-SRC-006),metabolomic_profiles,,Batch-effect variable.
instrument,Instrument,Mass spectrometer make and model.,string,Yes,,,Agilent 6545 Q-TOF,Not permitted. A missing value fails validation and the record is not admitted.,public,Required; null rejected on insert.,Stream B — LC-MS at SIRDC (ZW-SRC-006),metabolomic_profiles,,Batch-effect variable; single-instrument bias is on the bias register.
chromatography_column,Chromatography column,Column chemistry and dimensions.,string,No,,,C18 2.1x100mm 1.8um,"Empty string in CSV, null in JSON. Indicates not applicable or not yet determined; never a zero.",public,Free text; no constraint beyond type.,Stream B — LC-MS at SIRDC (ZW-SRC-006),metabolomic_profiles,,Retention time is only interpretable alongside this.
ionization_mode,Ionization mode,Positive or negative ionisation.,category,Yes,positive | negative,,positive,Not permitted. A missing value fails validation and the record is not admitted.,public,Required; null rejected on insert. Must be one of: positive | negative.,Stream B — LC-MS at SIRDC (ZW-SRC-006),metabolomic_profiles,,Features from the two modes are not directly comparable.
collision_energy_ev,Collision energy ev,Collision energy applied.,float,No,,electronvolts,20.0,"Empty string in CSV, null in JSON. Indicates not applicable or not yet determined; never a zero.",public,Free text; no constraint beyond type.,Stream B — LC-MS at SIRDC (ZW-SRC-006),metabolomic_profiles,,Required to compare fragmentation spectra across runs.
retention_time_min,Retention time min,Chromatographic retention time.,float,No,,minutes,7.42,"Empty string in CSV, null in JSON. Indicates not applicable or not yet determined; never a zero.",public,Free text; no constraint beyond type.,Stream B — LC-MS at SIRDC (ZW-SRC-006),metabolomic_profiles,,Feature-alignment key across samples.
mz_measured,Mz measured,Measured mass-to-charge ratio.,float,Yes,,m/z (Da/charge),235.1693,Not permitted. A missing value fails validation and the record is not admitted.,public,Required; null rejected on insert.,Stream B — LC-MS at SIRDC (ZW-SRC-006),metabolomic_profiles,,Primary feature descriptor.
mz_error_ppm,Mz error ppm,Mass error against the proposed formula.,float,No,,ppm,1.8,"Empty string in CSV, null in JSON. Indicates not applicable or not yet determined; never a zero.",public,Free text; no constraint beyond type.,Stream B — LC-MS at SIRDC (ZW-SRC-006),metabolomic_profiles,,Annotation-confidence input.
peak_area,Peak area,"Integrated peak area, uncorrected.",float,No,,arbitrary units,4820115,"Empty string in CSV, null in JSON. Indicates not applicable or not yet determined; never a zero.",public,Free text; no constraint beyond type.,Stream B — LC-MS at SIRDC (ZW-SRC-006),metabolomic_profiles,,Raw abundance measure.
relative_abundance,Relative abundance,Peak area normalised within the sample.,float,No,0 to 1,fraction of sample total,0.142,"Empty string in CSV, null in JSON. Indicates not applicable or not yet determined; never a zero.",public,Must fall between 0 and 1.,Stream B — LC-MS at SIRDC (ZW-SRC-006),metabolomic_profiles,,Abundance comparable across samples.
putative_compound_name,Putative compound name,Proposed identity. Putative unless MSI level 1.,string,No,,,Warburganal (putative),"Empty string in CSV, null in JSON. Indicates not applicable or not yet determined; never a zero.",public,Free text; no constraint beyond type.,Stream B — LC-MS at SIRDC (ZW-SRC-006),metabolomic_profiles,,Annotation label; must never be reported as confirmed below level 1.
molecular_formula,Molecular formula,Proposed molecular formula.,string,No,,,C15H20O2,"Empty string in CSV, null in JSON. Indicates not applicable or not yet determined; never a zero.",public,Free text; no constraint beyond type.,Stream B — LC-MS at SIRDC (ZW-SRC-006),metabolomic_profiles,,Structural constraint.
smiles_canonical,Smiles canonical,"Canonical SMILES, RDKit-canonicalised at ingest.",string,No,,,CC1(C)CCC[C@]2(C)[C@@H]1CC=C(C=O)[C@@H]2C=O,"Empty string in CSV, null in JSON. Indicates not applicable or not yet determined; never a zero.",public,Free text; no constraint beyond type.,Stream B — LC-MS at SIRDC (ZW-SRC-006),metabolomic_profiles,,The molecular tokenization input. Canonicalising on ingest stops one molecule being learned as several unrelated strings.
inchikey,Inchikey,27-character InChIKey where structure is established.,string,No,,,REFJWTPEDVJJIY-UHFFFAOYSA-N,"Empty string in CSV, null in JSON. Indicates not applicable or not yet determined; never a zero.",public,Exactly 27 characters when present.,Stream B — LC-MS at SIRDC (ZW-SRC-006),metabolomic_profiles,,"Deduplication key, join to external compound databases, and the basis of scaffold splitting."
msi_annotation_level,Msi annotation level,Metabolomics Standards Initiative confidence level. LBL-06.,integer,No,1 to 4,MSI level 1-4,2,"Empty string in CSV, null in JSON. Indicates not applicable or not yet determined; never a zero.",public,Must fall between 1 and 4.,Stream B — LC-MS at SIRDC (ZW-SRC-006),metabolomic_profiles,,The most important honesty field in this table. Levels 3 and 4 are hypotheses.
spectral_library,Spectral library,Library matched against.,string,No,,,GNPS,"Empty string in CSV, null in JSON. Indicates not applicable or not yet determined; never a zero.",public,Free text; no constraint beyond type.,Stream B — LC-MS at SIRDC (ZW-SRC-006),metabolomic_profiles,,Reproducibility.
library_match_score,Library match score,Spectral match score.,float,No,0 to 1,score 0-1,0.87,"Empty string in CSV, null in JSON. Indicates not applicable or not yet determined; never a zero.",public,Must fall between 0 and 1.,Stream B — LC-MS at SIRDC (ZW-SRC-006),metabolomic_profiles,,Annotation-confidence weight.
external_db_hit,External db hit,Accession in an external natural-product or compound database.,string,No,,,CNP0123456,"Empty string in CSV, null in JSON. Indicates not applicable or not yet determined; never a zero.",public,Free text; no constraint beyond type.,Stream B — LC-MS at SIRDC (ZW-SRC-006),metabolomic_profiles,,Novelty assessment; links to global chemical space.
compound_class,Compound class,Putative activity class. LBL-05.,category,No,antimicrobial | anti-parasitic | anti-inflammatory | unknown,,antimicrobial,"Empty string in CSV, null in JSON. Indicates not applicable or not yet determined; never a zero.",public,Must be one of: antimicrobial | anti-parasitic | anti-inflammatory | unknown.,Stream B — LC-MS at SIRDC (ZW-SRC-006),metabolomic_profiles,,"Assigned from chemistry, never from the traditional indication, so the two streams stay independent."
compound_novelty,Compound novelty,Novelty label against external databases. LBL-07.,category,No,known | analogue | putative_novel | unassessed,,known,"Empty string in CSV, null in JSON. Indicates not applicable or not yet determined; never a zero.",public,Must be one of: known | analogue | putative_novel | unassessed.,Stream B — LC-MS at SIRDC (ZW-SRC-006),metabolomic_profiles,,Prioritisation label.
annotation_confidence,Annotation confidence,Confidence in the annotation itself. LBL-04.,float,No,0 to 1,score 0-1,0.87,"Empty string in CSV, null in JSON. Indicates not applicable or not yet determined; never a zero.",public,Must fall between 0 and 1.,Stream B — LC-MS at SIRDC (ZW-SRC-006),metabolomic_profiles,,Label-noise weight.
file_path_mzml,File path mzml,Relative path to the raw mzML file.,string,Yes,,,raw/zw_src_006_sirdc_lcms/EXT-0141_pos.mzML,Not permitted. A missing value fails validation and the record is not admitted.,public,Required; null rejected on insert.,Stream B — LC-MS at SIRDC (ZW-SRC-006),metabolomic_profiles,,"Locates the underlying spectra. mzML is an open format; a dataset held in a vendor format is not sovereign, whoever holds the disk."
file_checksum_sha256,File checksum sha256,SHA-256 of the referenced file.,string,Yes,,,2ed9f106ee0630a72489d0a68434611310389850338cfaf94f58fa094ab4,Not permitted. A missing value fails validation and the record is not admitted.,public,Required; null rejected on insert. Exactly 64 lowercase hex characters.,Stream B — LC-MS at SIRDC (ZW-SRC-006),metabolomic_profiles,,Integrity.
data_sensitivity,Data sensitivity,Release classification. LC-MS profiles are commercially valuable and default to internal.,category,Yes,public | internal | confidential | sensitive | anonymized,,internal,Not permitted. A missing value fails validation and the record is not admitted.,public,Required; null rejected on insert. Must be one of: public | internal | confidential | sensitive | anonymized.,Stream B — LC-MS at SIRDC (ZW-SRC-006),metabolomic_profiles,,Access-tier control.
qc_status,Qc status,Outcome of the validation battery for this record.,category,Yes,pending | pass | warning | fail,,pass,Not permitted. A missing value fails validation and the record is not admitted.,public,Required; null rejected on insert. Must be one of: pending | pass | warning | fail.,Stream B — LC-MS at SIRDC (ZW-SRC-006),metabolomic_profiles,,Training-set filter.
created_at,Created at,Ingest timestamp.,datetime,Yes,,,2026-09-16T12:00:00+02:00,Not permitted. A missing value fails validation and the record is not admitted.,public,Required; null rejected on insert. ISO 8601.,Stream B — LC-MS at SIRDC (ZW-SRC-006),metabolomic_profiles,,Provenance.
tk_id,Tk id,Stable unique identifier for one documented item of heritage knowledge. Format ZW-TK-YYYY-NNN.,string,Yes,,,ZW-TK-2026-001,Not permitted. A missing value fails validation and the record is not admitted.,confidential,"Primary key. Unique, no nulls.",Stream C — consented interviews (ZW-SRC-004),heritage_knowledge,Yes,The provenance anchor. Every benefit-sharing claim resolves through this key.
source_id,Source id,Foreign key to governance/source_register.csv (ZW-SRC-004).,string,Yes,,,ZW-SRC-004,Not permitted. A missing value fails validation and the record is not admitted.,confidential,Required; null rejected on insert.,Stream C — consented interviews (ZW-SRC-004),heritage_knowledge,,Provenance.
holder_pseudonym_id,Holder pseudonym id,"Pseudonymous holder identifier. Resolves to a named person only through the encrypted Holder Identity Register held by SIRDC, which is distributed at no access tier.",string,Yes,,,HLD-EH-007,Not permitted. A missing value fails validation and the record is not admitted.,confidential,Required; null rejected on insert.,Stream C — consented interviews (ZW-SRC-004),heritage_knowledge,,Never a model input. Its separation from this table is what allows the rest of the dataset to be shared at all.
community_council_id,Community council id,Council that endorsed the interview.,string,Yes,,,CC-CHIMANIMANI-03,Not permitted. A missing value fails validation and the record is not admitted.,internal,Required; null rejected on insert.,Stream C — consented interviews (ZW-SRC-004),heritage_knowledge,,"Governance, and the unit at which a community can audit what was recorded from it."
council_endorsement_ref,Council endorsement ref,Collective endorsement document.,string,Yes,,,END-CC03-2026-011,Not permitted. A missing value fails validation and the record is not admitted.,internal,Required; null rejected on insert.,Stream C — consented interviews (ZW-SRC-004),heritage_knowledge,,Governance.
consent_reference,Consent reference,Individual FPIC document. Required; a record without one cannot be written.,string,Yes,,,FPIC-ZW-2026-C001,Not permitted. A missing value fails validation and the record is not admitted.,confidential,Required; null rejected on insert.,Stream C — consented interviews (ZW-SRC-004),heritage_knowledge,,Governance.
consent_date,Consent date,Date consent was given. Must not be later than the interview date.,date,Yes,,,2026-09-12,Not permitted. A missing value fails validation and the record is not admitted.,confidential,Required; null rejected on insert. ISO 8601.,Stream C — consented interviews (ZW-SRC-004),heritage_knowledge,,"Governance. Consent that is not prior is not FPIC, and the constraint enforces the ordering."
collection_language,Collection language,Language the interview was conducted in.,category,Yes,sn | nd | en,,sn,Not permitted. A missing value fails validation and the record is not admitted.,confidential,Required; null rejected on insert. Must be one of: sn | nd | en.,Stream C — consented interviews (ZW-SRC-004),heritage_knowledge,,Routes text to the correct tokenizer; a bias-monitoring dimension.
interview_date,Interview date,Date of the interview.,date,Yes,,,2026-09-14,Not permitted. A missing value fails validation and the record is not admitted.,confidential,Required; null rejected on insert. ISO 8601.,Stream C — consented interviews (ZW-SRC-004),heritage_knowledge,,Temporal covariate.
interviewer_id,Interviewer id,Pseudonymous identifier of the community liaison.,string,Yes,,,INT-004,Not permitted. A missing value fails validation and the record is not admitted.,internal,Required; null rejected on insert.,Stream C — consented interviews (ZW-SRC-004),heritage_knowledge,,Enables detection of interviewer-specific bias.
knowledge_type,Knowledge type,Category of knowledge recorded.,category,Yes,plant-disease | preparation | ecological,,plant-disease,Not permitted. A missing value fails validation and the record is not admitted.,confidential,Required; null rejected on insert. Must be one of: plant-disease | preparation | ecological.,Stream C — consented interviews (ZW-SRC-004),heritage_knowledge,,Routing label for downstream use.
local_plant_name,Local plant name,Plant name as the holder gave it.,string,Yes,,,Muranga,Not permitted. A missing value fails validation and the record is not admitted.,confidential,Required; null rejected on insert.,Stream C — consented interviews (ZW-SRC-004),heritage_knowledge,,Entity-linking target against scientific_name.
language_tag,Language tag,"ISO 639-1 tag: sn Shona, nd Ndebele, en English.",category,Yes,sn | nd | en,,sn,Not permitted. A missing value fails validation and the record is not admitted.,confidential,Required; null rejected on insert. Must be one of: sn | nd | en.,Stream C — consented interviews (ZW-SRC-004),heritage_knowledge,,The field a corpus-trained tokenizer keys on. An English tokenizer fragments Shona and Ndebele badly; this tag is how the pipeline avoids that.
scientific_name,Scientific name,"Binomial, verified after collection against the National Herbarium.",string,No,,,Warburgia salutaris,"Empty string in CSV, null in JSON. Indicates not applicable or not yet determined; never a zero.",confidential,Free text; no constraint beyond type.,Stream C — consented interviews (ZW-SRC-004),heritage_knowledge,,Joins the heritage record to the physical sample and its chemistry.
disease_target_local,Disease target local,"Description of use, verbatim in the source language. Never paraphrased without consent.",string,Yes,,,Inoshandiswa pakukosora nekurwadziwa kwechipfuva,Not permitted. A missing value fails validation and the record is not admitted.,confidential,Required; null rejected on insert.,Stream C — consented interviews (ZW-SRC-004),heritage_knowledge,,Primary text for language-model training. The verbatim record is the scientific object.
disease_target_en,Disease target en,"English translation. Derived, and flagged as such.",string,No,,,Used for cough and chest complaints,"Empty string in CSV, null in JSON. Indicates not applicable or not yet determined; never a zero.",confidential,Free text; no constraint beyond type.,Stream C — consented interviews (ZW-SRC-004),heritage_knowledge,,Convenience field only; never the sole source for a claim.
translation_status,Translation status,Whether a bilingual reviewer has verified the translation. LBL-09.,category,Yes,pending | machine_draft | human_verified,,human_verified,Not permitted. A missing value fails validation and the record is not admitted.,confidential,Required; null rejected on insert. Must be one of: pending | machine_draft | human_verified.,Stream C — consented interviews (ZW-SRC-004),heritage_knowledge,,Records below human_verified are held out of every release tier.
disease_target_icd11,Disease target icd11,ICD-11 mapping of the indication where one exists.,string,No,,,CA23,"Empty string in CSV, null in JSON. Indicates not applicable or not yet determined; never a zero.",confidential,Free text; no constraint beyond type.,Stream C — consented interviews (ZW-SRC-004),heritage_knowledge,,Interoperability with clinical datasets. The mapping is approximate and flagged as such.
preparation_method,Preparation method,"Preparation as described, verbatim.",string,No,,,Makwati anobikwa kwemaminetsi makumi maviri,"Empty string in CSV, null in JSON. Indicates not applicable or not yet determined; never a zero.",confidential,Free text; no constraint beyond type.,Stream C — consented interviews (ZW-SRC-004),heritage_knowledge,,"Determines whether the extraction protocol reproduces the traditional preparation, and therefore whether the chemistry measured is the chemistry used."
preparation_class,Preparation class,Controlled-vocabulary rendering of the preparation.,category,No,decoction | infusion | poultice | powder | maceration | smoke_inhalation | topical_oil | chewed_raw | other,,decoction,"Empty string in CSV, null in JSON. Indicates not applicable or not yet determined; never a zero.",confidential,Must be one of: decoction | infusion | poultice | powder | maceration | smoke_inhalation | topical_oil | chewed_raw | other.,Stream C — consented interviews (ZW-SRC-004),heritage_knowledge,,"Machine-readable companion to the verbatim text, which is retained unchanged."
plant_part_used,Plant part used,Part of the plant used.,category,No,root | bark | leaf | stem | flower | fruit | seed | whole | na,,bark,"Empty string in CSV, null in JSON. Indicates not applicable or not yet determined; never a zero.",confidential,Must be one of: root | bark | leaf | stem | flower | fruit | seed | whole | na.,Stream C — consented interviews (ZW-SRC-004),heritage_knowledge,,Directs which tissue is sampled; chemistry differs sharply by tissue.
administration_route,Administration route,Route of administration.,string,No,,,oral,"Empty string in CSV, null in JSON. Indicates not applicable or not yet determined; never a zero.",confidential,Free text; no constraint beyond type.,Stream C — consented interviews (ZW-SRC-004),heritage_knowledge,,Contextual covariate.
seasonality_of_use,Seasonality of use,When in the year the preparation is used or harvested.,category,No,dry | wet | both | unspecified,,both,"Empty string in CSV, null in JSON. Indicates not applicable or not yet determined; never a zero.",confidential,Must be one of: dry | wet | both | unspecified.,Stream C — consented interviews (ZW-SRC-004),heritage_knowledge,,Links to the season tag on the physical sample.
province,Province,Province of the originating community.,string,Yes,,,Manicaland,Not permitted. A missing value fails validation and the record is not admitted.,confidential,Required; null rejected on insert.,Stream C — consented interviews (ZW-SRC-004),heritage_knowledge,,Community-level attribution.
district,District,District of the originating community. The default attribution unit.,string,Yes,,,Chimanimani,Not permitted. A missing value fails validation and the record is not admitted.,confidential,Required; null rejected on insert.,Stream C — consented interviews (ZW-SRC-004),heritage_knowledge,,Community-level attribution instead of individual identification.
ward,Ward,Ward of the originating community.,string,No,,,W12,"Empty string in CSV, null in JSON. Indicates not applicable or not yet determined; never a zero.",confidential,Free text; no constraint beyond type.,Stream C — consented interviews (ZW-SRC-004),heritage_knowledge,,Finest attribution unit released.
named_attribution_opt_in,Named attribution opt in,Whether the holder has explicitly opted into being named in publications.,boolean,Yes,0 | 1,,0,Not permitted. A missing value fails validation and the record is not admitted.,confidential,Required; null rejected on insert.,Stream C — consented interviews (ZW-SRC-004),heritage_knowledge,,"Governance. Default is community-level attribution; naming is opt-in, never assumed."
sensitivity_level,Sensitivity level,Holder-assigned classification. The constraint admits public and community-restricted only; sacred is absent by design and cannot be stored.,category,Yes,public | community-restricted,,public,Not permitted. A missing value fails validation and the record is not admitted.,confidential,Required; null rejected on insert. Must be one of: public | community-restricted. 'sacred' is not an accepted value; such knowledge is never collected.,Stream C — consented interviews (ZW-SRC-004),heritage_knowledge,,Governance. The holder classifies their own knowledge and the schema enforces the classification.
data_sensitivity,Data sensitivity,Release classification under the Annex B vocabulary.,category,Yes,public | internal | confidential | sensitive | anonymized,,confidential,Not permitted. A missing value fails validation and the record is not admitted.,confidential,Required; null rejected on insert. Must be one of: public | internal | confidential | sensitive | anonymized.,Stream C — consented interviews (ZW-SRC-004),heritage_knowledge,,Access-tier control.
benefit_sharing_agreement_ref,Benefit sharing agreement ref,"Benefit-sharing agreement, signed before collection.",string,Yes,,,BSA-ZW-2026-001,Not permitted. A missing value fails validation and the record is not admitted.,confidential,Required; null rejected on insert.,Stream C — consented interviews (ZW-SRC-004),heritage_knowledge,,Governance. Required on every record.
withdrawal_status,Withdrawal status,Whether the holder has withdrawn consent.,category,Yes,active | withdrawn,,active,Not permitted. A missing value fails validation and the record is not admitted.,confidential,Required; null rejected on insert. Must be one of: active | withdrawn.,Stream C — consented interviews (ZW-SRC-004),heritage_knowledge,,Withdrawal is unconditional. The validator holds any batch with unactioned downstream records.
withdrawal_date,Withdrawal date,Date withdrawal was received. Starts the 30-day action clock.,date,No,,,2026-12-08,"Empty string in CSV, null in JSON. Indicates not applicable or not yet determined; never a zero.",confidential,ISO 8601.,Stream C — consented interviews (ZW-SRC-004),heritage_knowledge,,Governance.
audio_recording_ref,Audio recording ref,"Reference to the consented audio recording, restricted tier only.",string,No,,,AUD-RES-001,"Empty string in CSV, null in JSON. Indicates not applicable or not yet determined; never a zero.",confidential,Free text; no constraint beyond type.,Stream C — consented interviews (ZW-SRC-004),heritage_knowledge,,"A Shona and Ndebele speech corpus, under a separate consent scope from the knowledge itself."
bilingual_validation_status,Bilingual validation status,Whether a second bilingual reviewer confirmed the record.,category,Yes,pending | passed | failed,,passed,Not permitted. A missing value fails validation and the record is not admitted.,confidential,Required; null rejected on insert. Must be one of: pending | passed | failed.,Stream C — consented interviews (ZW-SRC-004),heritage_knowledge,,Quality gate.
validator_id,Validator id,Pseudonymous identifier of the bilingual validator.,string,No,,,VAL-002,"Empty string in CSV, null in JSON. Indicates not applicable or not yet determined; never a zero.",internal,Free text; no constraint beyond type.,Stream C — consented interviews (ZW-SRC-004),heritage_knowledge,,Audit.
created_at,Created at,Ingest timestamp.,datetime,Yes,,,2026-09-15T08:12:00+02:00,Not permitted. A missing value fails validation and the record is not admitted.,confidential,Required; null rejected on insert. ISO 8601.,Stream C — consented interviews (ZW-SRC-004),heritage_knowledge,,Provenance.
record_status,Record status,Lifecycle state.,category,Yes,active | superseded | redacted,,active,Not permitted. A missing value fails validation and the record is not admitted.,confidential,Required; null rejected on insert. Must be one of: active | superseded | redacted.,Stream C — consented interviews (ZW-SRC-004),heritage_knowledge,,Filter applied before any release.
qc_id,Qc id,Stable unique identifier for one validation event. Format ZW-QC-YYYY-NNN.,string,Yes,,,,Not permitted. A missing value fails validation and the record is not admitted.,public,"Primary key. Unique, no nulls.",Derived — scripts/validate.py,qc_log,Yes,Record key.
target_table,Target table,Table the check was run against.,category,Yes,environmental_samples | genomic_sequences | metabolomic_profiles | heritage_knowledge,,,Not permitted. A missing value fails validation and the record is not admitted.,public,Required; null rejected on insert. Must be one of: environmental_samples | genomic_sequences | metabolomic_profiles | heritage_knowledge.,Derived — scripts/validate.py,qc_log,,Audit.
target_record_id,Target record id,Identifier of the record checked.,string,Yes,,,,Not permitted. A missing value fails validation and the record is not admitted.,public,Required; null rejected on insert.,Derived — scripts/validate.py,qc_log,,Audit.
check_name,Check name,Name of the check performed.,string,Yes,,,,Not permitted. A missing value fails validation and the record is not admitted.,public,Required; null rejected on insert.,Derived — scripts/validate.py,qc_log,,Audit.
quality_dimension,Quality dimension,Which of the seven Minimum Expectations quality dimensions this check covers.,category,Yes,completeness | accuracy | consistency | validity | uniqueness | timeliness | integrity,,,Not permitted. A missing value fails validation and the record is not admitted.,public,Required; null rejected on insert. Must be one of: completeness | accuracy | consistency | validity | uniqueness | timeliness | integrity.,Derived — scripts/validate.py,qc_log,,"Lets a reviewer confirm all seven dimensions are exercised, rather than taking it on trust."
check_type,Check type,Category of check.,category,Yes,schema | completeness | controlled_vocab | range | cross_reference | consent_gate | duplicate | novelty | checksum | privacy | bias_coverage | machine_readability,,,Not permitted. A missing value fails validation and the record is not admitted.,public,Required; null rejected on insert. Must be one of: schema | completeness | controlled_vocab | range | cross_reference | consent_gate | duplicate | novelty | checksum | privacy | bias_coverage | machine_readability.,Derived — scripts/validate.py,qc_log,,Audit.
check_result,Check result,"Pass, warning or fail.",category,Yes,pass | warning | fail,,,Not permitted. A missing value fails validation and the record is not admitted.,public,Required; null rejected on insert. Must be one of: pass | warning | fail.,Derived — scripts/validate.py,qc_log,,A failing record is not admitted to the bank.
severity,Severity,Severity of the finding.,category,Yes,info | low | medium | high | critical,,,Not permitted. A missing value fails validation and the record is not admitted.,public,Required; null rejected on insert. Must be one of: info | low | medium | high | critical.,Derived — scripts/validate.py,qc_log,,Prioritises the correction queue.
message,Message,Human-readable finding.,string,Yes,,,,Not permitted. A missing value fails validation and the record is not admitted.,public,Required; null rejected on insert.,Derived — scripts/validate.py,qc_log,,Audit.
checked_by,Checked by,"Automated, human audit, or bilingual validator.",category,Yes,automated | human_audit | bilingual_validator,,,Not permitted. A missing value fails validation and the record is not admitted.,public,Required; null rejected on insert. Must be one of: automated | human_audit | bilingual_validator.,Derived — scripts/validate.py,qc_log,,Distinguishes machine checks from the 10% human audit sample.
checked_at,Checked at,Timestamp of the check.,datetime,Yes,,,,Not permitted. A missing value fails validation and the record is not admitted.,public,Required; null rejected on insert. ISO 8601.,Derived — scripts/validate.py,qc_log,,Audit.
issue_owner,Issue owner,Person accountable for resolving the finding.,string,No,,,,"Empty string in CSV, null in JSON. Indicates not applicable or not yet determined; never a zero.",public,Free text; no constraint beyond type.,Derived — scripts/validate.py,qc_log,,Closes the loop between detection and correction.
correction_action,Correction action,Action taken or required.,string,No,,,,"Empty string in CSV, null in JSON. Indicates not applicable or not yet determined; never a zero.",public,Free text; no constraint beyond type.,Derived — scripts/validate.py,qc_log,,Correction workflow.
corrected_at,Corrected at,Timestamp of correction.,datetime,No,,,,"Empty string in CSV, null in JSON. Indicates not applicable or not yet determined; never a zero.",public,ISO 8601.,Derived — scripts/validate.py,qc_log,,Audit.
corrected_by,Corrected by,Who actioned the correction.,string,No,,,,"Empty string in CSV, null in JSON. Indicates not applicable or not yet determined; never a zero.",public,Free text; no constraint beyond type.,Derived — scripts/validate.py,qc_log,,Audit.
resolution_status,Resolution status,"Open, resolved or waived. A critical finding cannot be waived without a recorded action and owner.",category,Yes,open | resolved | waived,,,Not permitted. A missing value fails validation and the record is not admitted.,public,Required; null rejected on insert. Must be one of: open | resolved | waived.,Derived — scripts/validate.py,qc_log,,Audit.
