requirement,dpa_reference,implementation,evidence_artefact,enforcement_mechanism
Lawful basis for collection,Ch.12:07 lawful processing,Environmental samples: legitimate interest (national health benefit) under NBA permit. Heritage records: explicit FPIC consent per knowledge holder plus community council endorsement.,governance/consent_log.csv; governance/consent_template.pdf; NBA-ZW-2026-014,consent_reference is NOT NULL on heritage_knowledge; a knowledge-led sample without one is rejected by a CHECK constraint.
Data minimisation,Ch.12:07 minimisation,The data dictionary marks every field required or optional with a stated purpose. No direct personal identifiers are collected. Holder identity is held in a separate encrypted register.,"schema/data_dictionary.csv (required, sensitivity, description columns)","The schema has no column for holder name, address, contact or national ID. There is nowhere to put one."
Consent workflow,Ch.12:07 consent,"FPIC signed before any interview, timestamped, in the holder's own language. Withdrawal possible at any time; linked records pseudonymised or deleted within 30 days.",governance/consent_template.pdf; governance/consent_log.csv,CHECK (consent_date <= interview_date). Consent that is not prior fails to insert.
Anonymisation,Ch.12:07 anonymisation,"Community-level attribution (district, ward) by default; named attribution is an explicit opt-in field. Heritage-site coordinates blurred to ward level in public release.",governance/anonymization_plan.pdf; named_attribution_opt_in field,CHECK (location_masked = 0 OR gps_precision_m >= 1000) — a record cannot claim to be masked while carrying field-precision coordinates.
Data classification,Ch.12:07 sensitive data,"Every record carries data_sensitivity (public, internal, confidential, sensitive, anonymized) and every heritage record carries a holder-assigned sensitivity_level.",data_sensitivity and sensitivity_level fields; metadata cards,Controlled-vocabulary CHECK constraints on both fields.
Access control and security,Ch.12:07 security safeguards,"Tiered access: public, research (data access agreement), restricted (SIRDC plus community council concurrence), commercial (executed benefit-sharing agreement). AES-256 at rest and in transit for restricted material. Role-based access logging.",governance/access_policy.pdf; validation/error_log.csv access events,"Restricted material is not present in any distributed package; separation is physical, not permission-based."
Retention and deletion,Ch.12:07 retention,Public sequences retained indefinitely as a national asset. Restricted heritage records reviewed with communities every two years. Consent withdrawal actioned within 30 days.,governance/access_policy.pdf retention schedule,v_withdrawal_impact lists every downstream record; the validator raises a critical failure and holds the batch until each is actioned.
Data subject rights,Ch.12:07 data subject rights,"Holders may request correction, restriction or deletion at any time. The process is documented in Shona and Ndebele and a named community liaison is the contact.",governance/access_policy.pdf; governance/consent_template.pdf,withdrawal_status and withdrawal_date on every heritage record; CHECK requires a date whenever status is withdrawn.
Incident response,Ch.12:07 security,"Suspected breach of restricted heritage material triggers notification to SIRDC as steward and to the affected community council within 72 hours, and suspension of the relevant access tier pending review.",governance/access_policy.pdf,Access events on restricted tiers are logged; the log is the basis of any incident review.
